EMP_Micro,EMP_Meso,EMP_Macro,EMP_Lengths,STN_Meso,STN_Macro,FMWT_Meso,FMWT_Macro,twentymm_Meso,FRP_Meso,FRP_Macro,YBFMP_Macro,YBFMP_Meso,YBFMP_Micro,LI_Meso,LI_Micro,DOP_Meso,DOP_Macro,USGS_Meso,Lifestage,Taxname,Level,Phylum,Class,Order,Family,Genus,Species,Intro,EMPstart,EMPend,FMWTstart,FMWTend,twentymmstart,twentymmend,twentymmstart2,DOPstart,DOPend,FRPstart,FRPend,USGSstart,USGSend
,,,,,,,,,,,Acari Larvae,,,,,,,,Adult,Hydrachnidia,Order,Arthropoda,Arachnida,Hydrachnidia,,,,,,,,,,,,,,,,,
,,,,,,,,,,,Acari NotDetermined,,,,,,,,Adult,Hydrachnidia,Order,Arthropoda,Arachnida,Hydrachnidia,,,,,,,,,,,,,,,,,
,,,,,,,,,,,Actinopterygii NotDetermined,Actinopterygii larva,Actinopterygii larva,,,,,,Larva,Actinopterygii,Class,Chordata,Actinopterygii,,,,,,,,,,,,,,,,,,
,,,,,,,,,,Aeshnidae larvae,Aeshnidae Larvae,,,,,,,,Larva,Aeshnidae,Family,Arthropoda,Insecta,Odonata,Aeshnidae,,,,,,,,,,,,,2016,,,
,,,,,,,,,,,Aeshnidae NotDetermined,,,,,,,,Larva,Aeshnidae,Family,Arthropoda,Insecta,Odonata,Aeshnidae,,,,,,,,,,,,,2016,,,
,,,,,,,,,,,Amnicolidae NotDetermined,,,,,,,,Undifferentiated,Amnicolidae,Family,Mollusca,Gastropoda,Littorinimorpha,Amnicolidae,,,,,,,,,,,,,,,,
,,,,,,,,,,,Amphipoda Larvae,,,,,,,,Larva,Amphipoda,Order,Arthropoda,Malacostraca,Amphipoda,,,,,1996,,2013,,,,,2017,,2016,,2017,
,,Unidentified_Amphipod,Unidentified Amphipod,,Unidentified Amphipod,,Unidentified_Amphipod,,Amphipod UNID,Amphipod UNID,Amphipoda NotDetermined,,,,Amphipoda NA NA,,Amphipod_UNID,Amphipoda N,Adult,Amphipoda,Order,Arthropoda,Malacostraca,Amphipoda,,,,,1996,,2013,,,,,2017,,2016,,2017,
,,,,,,,,,,,Ancylidae NotDetermined,,,,,,,,Undifferentiated,Ancylidae,Family,Mollusca,Gastropoda,Basommatophora,Ancylidae,,,,,,,,,,,,,,,,
,,,,,,,,,,,Andrenidae Adults,,,,,,,,Adult,Andrenidae,Family,Arthropoda,Insecta,Hymenoptera,Anrenidae,,,,,,,,,,,,,,,,
,,,,,,,,,Aphididae adult,Aphididae adult,Aphididae Adults,,,,Aphididae NA NA,,,,Adult,Aphididae,Family,Arthropoda,Insecta,Hemiptera,Aphididae,,,,,,,,,,,,,2016,,,
,,,,,,,,,Aphididae larvae,Aphididae larvae,Aphididae Larvae,,,,,,,,Larva,Aphididae,Family,Arthropoda,Insecta,Hemiptera,Aphididae,,,,,,,,,,,,,2016,,,
,,,,,,,,,,,Arachnida NotDetermined,,,,,,,,Adult,Arachnida,Class,Arthropoda,Arachnida,,,,,,,,,,,,,,,,,,
,,,,,,,,,Spider,Spider,Araneae NotDetermined,,,,Araneae NA NA,,,,Adult,Araneae,Order,Arthropoda,Arachnida,Araneae,,,,,,,,,,,,,,2016,,,
,,,,,,,,,,,Araneida Adults,,,,,,,,Adult,Araneae,Order,Arthropoda,Arachnida,Araneae,,,,,,,,,,,,,,,,,
,,,,,,,,,,,Araneida NotDetermined,,,,,,,,Adult,Araneae,Order,Arthropoda,Arachnida,Araneae,,,,,,,,,,,,,,,,,
,,,,,,,,,,,Archaeognatha,,,,,,,,Adult,Archaeognatha,Order,Arthropoda,Insecta,Archaeognatha,,,,,,,,,,,,,,,,,
,,,,,,,,,,,Arrenuridae NotDetermined,,,,,,,,Adult,Arrenuridae,Family,Arthropoda,Arachnida,Trombidiformes,Arrenuridae,,,,,,,,,,,,,,,,
,,,,,,,,,Asellidae,Asellidae,Asellidae NotDetermined,,,,,,,,Adult,Asellidae,Family,Arthropoda,Malacostraca,Isopoda,Asellidae,,,,,,,,,,,,,2016,,,
,,,,,,,,,,,Astacidae,,,,,,,,Adult,Astacidae,Family,Arthropoda,Malacostraca,Decapoda,Astacidae,,,,,,,,,,,,,,,,
,,,,,,,,,Silverside larvae UNID,Silverside larvae UNID,Atherinidae NotDetermined,,,,,,,,Larva,Atherinidae,Family,Chordata,Actinopterygii,,Atherinidae,,,,,,,,,,,,,2016,,,
,,,,,,,,,,,Atherinopsidae NotDetermined,,,,,,,,Larva,Atherinopsidae,Family,Chordata,Actinopterygii,,Atherinopsidae,Atherinopsidae,,,,,,,,,,,,,,,
,,,,,,,,,,,Baetidae Adults,,,,,,,,Adult,Baetidae,Family,Arthropoda,Insecta,Ephemeroptera,Baetidae,,,,,,,,,,,,,2016,,,
,,,,,,,,,,Baetidae,Baetidae Larvae,,,,,,,,Larva,Baetidae,Family,Arthropoda,Insecta,Ephemeroptera,Baetidae,,,,,,,,,,,,,2016,,,
,,,,,,,,,,,Baetidae NotDetermined,,,,,,,,Larva,Baetidae,Family,Arthropoda,Insecta,Ephemeroptera,Baetidae,,,,,,,,,,,,,2016,,,
,,,,,,,,,,Belostomatidae,Belostomatidae Adults,,,,,,,,Adult,Belostomatidae,Family,Arthropoda,Insecta,Hemiptera,Belostomatidae,,,,,,,,,,,,,2016,,,
,,,,,,,,,,,Belostomatidae Larvae,,,,,,,,Larva,Belostomatidae,Family,Arthropoda,Insecta,Hemiptera,Belostomatidae,,,,,,,,,,,,,2016,,,
,,,,,,,,,,,Belostomatidae NotDetermined,,,,,,,,Undifferentiated,Belostomatidae,Family,Arthropoda,Insecta,Hemiptera,Belostomatidae,,,,,,,,,,,,,2016,,,
,,,,,,,,,Clam UNID,Clam UNID,Bivalvia NotDetermined,Bivalvia undifferentiated,Bivalvia undifferentiated,Bivalvia,Bivalvia,,,,Undifferentiated,Bivalvia,Class,Mollusca,Bivalvia,,,,,,,,,,,,,,,2016,,,
,,,,,,,,,,,Blattodea Larvae,,,,,,,,Larva,Blattodea,Order,Arthropoda,Insecta,Blattodea,,,,,,,,,,,,,,,,,
,,,,,,,,,,,Bosminidae,,,,,,,,Adult,Bosminidae,Family,Species,Arthropoda,Branchiopoda,Cladocera,Bosminidae,,,,,,,,,,,,,,,
,,,,,,,,,,,Braconidae Adults,,,,,Brachionidae_UNID,,,Adult,Brachionidae,Family,Rotifera,Eurotatoria,Ploima,Brachionidae,,,,,,,,,,,2019,,,,,
,,,,,,,,,,,Branchiobdellidae NotDetermined,,,,,,,,Adult,Branchiobdellidae,Family,Rotifera,Eurotatoria,Ploima,Branchiobdellidae,,,,,,,,,,,,,,,,
,,,,,,,,,,Caenidae,Caenidae Larvae,,,,Caenidae NA NA,,,,Larva,Caenidae,Family,Arthropoda,Insecta,Ephemeroptera,Caenidae,,,,,,,,,,,,,2016,,,
,,,,,,,,,,,Caenidae NotDetermined,,,,,,,,Larva,Caenidae,Family,Arthropoda,Insecta,Ephemeroptera,Caenidae,,,,,,,,,,,,,2016,,,
,,,,,,,,UnID calanoid,Calanoid UNID,Calanoid UNID,Calanoida NotDetermined,Calanoida adult,Calanoida adult,,Calanoid NA Adult,Calanoid_UNID_adult,,,Adult,Calanoida,Order,Arthropoda,Copepoda,Calanoida,,,,,,,,,2006,,,2017,,2016,,,
,,,,,,,,,,,Candoniidae NotDetermined,,,,,,,,Adult,Candoniidae,Family,Arthropoda,Ostracoda,Podocopida,Candonidae,,,,,,,,,,,,,,,,
,,,,,,,,,,,Capniidae Larvae,,,,,,,,Larva,Capniidae,Family,Arthropoda,Insecta,Plecoptera,Capniidae,,,,,,,,,,,,,,,,
,,,,,,,,,,,Capniidae NotDetermined,,,,,,,,Larva,Capniidae,Family,Arthropoda,Insecta,Plecoptera,Capniidae,,,,,,,,,,,,,,,,
,,,,,,,,,,,Carabidae Adults,,,,,,,,Adult,Carabidae,Family,Arthropoda,Insecta,Coleoptera,Carabidae,,,,,,,,,,,,,2016,,,
,,,,,,,,,,Carabidae larvae,Carabidae NotDetermined,,,,,,,,Larva,Carabidae,Family,Arthropoda,Insecta,Coleoptera,Carabidae,,,,,,,,,,,,,2016,,,
,,,,,,,,,,Sacramento Sucker,Catostomidae NotDetermined,,,,,,,,Juvenile,Catosomus occidentalis,Species,Chordata,Actinopterygii,Cypriniformes,Catostomidae,Catostomus,Catosomus occidentalis,,,,,,,,,,,2016,,,
,,,,,,,,,,,Cecidomyiidae Adults,,,,,,,,Adult,Cecidomyidae,Family,Arthropoda,Insecta,Diptera,Cecidomyidae,,,,,,,,,,,,,,,,
,,,,,,,,,,,Ceratopogonidae Adults,,,,,,,,Adult,Ceratopogonidae,Family,Arthropoda,Insecta,Diptera,Ceratopogonidae,,,,,,,,,,,,,,,,
,,,,,,,,,Ceratopogonidae larvae,Ceratopogonidae larvae,Ceratopogonidae Larvae,,,,Ceratopogonidae NA NA,,,Ceratopogoninae N,Larva,Ceratopogonidae,Family,Arthropoda,Insecta,Diptera,Ceratopogonidae,,,,,,,,,,,,,2016,,2017,
,,,,,,,,,,,Ceratopogonidae NotDetermined,,,,,,,,Larva,Ceratopogonidae,Family,Arthropoda,Insecta,Diptera,Ceratopogonidae,,,,,,,,,,,,,,,,
,,,,,,,,,,,Ceratopogonidae Pupae,,,,,,,,Pupa,Ceratopogonidae,Family,Arthropoda,Insecta,Diptera,Ceratopogonidae,,,,,,,,,,,,,,,,
,,,,,,,,,,,Chalcidoidea Adults,,,,,,,,Adult,Chalcidoidea,Family,Arthropoda,Insecta,Hymenoptera,Chalcidoidea,,,,,,,,,,,,,,,,
,,,,,,,,,,Chaoboridgae larvae,Chaoboridae Larvae,,,,,,,,Larva,Chaoboridae,Family,Arthropoda,Insecta,Diptera,Chaoboridae,,,,,,,,,,,,,2018,,,
,,,,,,,,,,,Chaoboridae NotDetermined,,,,,,,,Larva,Chaoboridae,Family,Arthropoda,Insecta,Diptera,Chaoboridae,,,,,,,,,,,,,2018,,,
,,,,,,,,,,,Chilopoda NotDetermined,,,,,,,,Adult,Chilopoda,Class,Arthropoda,Chilopoda,,,,,,,,,,,,,,,,,,
,,,,,,,,,,,Chironomidae Adults,,,,,,,,Adult,Chironomidae,Family,Arthropoda,Insecta,Diptera,Chironomidae,,,,,,,,1995,2006,,,,2016,,2017,
,,,,,,,,Chironomid larvae,Chironomid larvae,Chironomid larvae,Chironomidae Larvae,Chironomidae larva,Chironomidae larva,,Chironomidae NA NA,,,Chironomidae N,Larva,Chironomidae,Family,Arthropoda,Insecta,Diptera,Chironomidae,,,,,,,,1995,2006,,,,2016,,2017,
,,,,,,,,,,,Chironomidae NotDetermined,,,,,,,,Larva,Chironomidae,Family,Arthropoda,Insecta,Diptera,Chironomidae,,,,,,,,1995,2006,,,,2016,,2017,
,,,,,,,,,,,Chironomidae Pupae,,,,,,,,Pupa,Chironomidae,Family,Arthropoda,Insecta,Diptera,Chironomidae,,,,,,,,1995,2006,,,,2016,,2017,
,,,,,,,,,,,Chloroperlidae Larvae,,,,,,,,Larva,Chloroperlidae,Family,Arthropoda,Insecta,Plecoptera,Chloroperlidae,,,,,,,,,,,,,,,,
,,,,,,,,,Chydoridae,,Chydoridae NotDetermined,,,,,Chydoridae_UNID,,Chydoridae N,Adult,Chydoridae,Family,Arthropoda,Branchiopoda,Cladocera,Chydoridae,,,,,,,,,,,2017,,2016,,2017,
,,,,,,,,,,,Cicadellidae Adults,,,,,,,,Adult,Cicadellidae,Family,Arthropoda,Insecta,Hemiptera,Cicadellidae,,,,,,,,,,,,,,,,
,,,,,,,,,,,Cladocera NotDetermined,Cladocera undifferentiated,Cladocera undifferentiated,Cladocera,Cladocera,Cladocera_UNID,,,Adult,Cladocera,Order,Arthropoda,Branchiopoda,Cladocera,,,,,,,,,,,,2017,,,,,
,,,,,,,,,,Clupeidae larvae,Clupeidae NotDetermined,,,,,,,,Larva,Clupeidae,Family,Chordata,Actinopterygii,Clupeiformes,Clupeidae,,,,,,,,,,,,,2016,,,
,,,,,,,,,Coenagrionidae larvae,Coenagrionidae larvae,Coenagrionidae Larvae,,,,Coenagrionidae NA NA,,,,Larva,Coenagrionidae,Family,Arthropoda,Insecta,Odonata,Coenagrionidae,,,,,,,,,,,,,2016,,,
,,,,,,,,,,,Coenagrionidae NotDetermined,,,,,,,,Larva,Coenagrionidae,Family,Arthropoda,Insecta,Odonata,Coenagrionidae,,,,,,,,,,,,,2016,,,
,,,,,,,,,Coleoptera adult UNID,Coleoptera adult UNID,Coleoptera Adults,,,,,,,,Adult,Coleoptera,Order,Arthropoda,Insecta,Coleoptera,,,,,,,,,,,,,,2018,,,
,,,,,,,,,Coleoptera larvae UNID,Coleoptera larvae UNID,Coleoptera Larvae,,,,Coleoptera NA NA,,,,Larva,Coleoptera,Order,Arthropoda,Insecta,Coleoptera,,,,,,,,,,,,,,2016,,,
,,,,,,,,,,,Coleoptera NotDetermined,,,,,,,,Undifferentiated,Coleoptera,Order,Arthropoda,Insecta,Coleoptera,,,,,,,,,,,,,,2016,,,
,,,,,,,,,,,Coleoptera Pupae,,,,,,,,Pupa,Coleoptera,Order,Arthropoda,Insecta,Coleoptera,,,,,,,,,,,,,,2016,,,
,,,,,,,,,,,Collembola Adults,,,,,,,,Adult,Collembola,Class,Arthropoda,Collembola,,,,,,,,,,,,,,,2016,,,
,,,,,,,,,,,Collembola Larvae,,,,,,,,Larva,Collembola,Class,Arthropoda,Collembola,,,,,,,,,,,,,,,2016,,,
,,,,,,,,,Collembola,Collembola,Collembola NotDetermined,,,,Collembola NA NA,,,,Undifferentiated,Collembola,Class,Arthropoda,Collembola,,,,,,,,,,,,,,,2016,,,
COPNAUP,COPNAUP,,,,,,,Copepod nauplii,,,Copepoda Larvae,Copepoda nauplius,Copepoda nauplius,,Copepod NA Nauplii,Copepod_UNID_nauplii,,Copepoda - nauplii N,Larva,Copepoda,Class,Arthropoda,Copepoda,,,,,,1972,1988,,,1995,,,2017,,,,2017,
,,,,,,,,,,,Copepoda NotDetermined,,,Copepoda,Copepoda,,,,Undifferentiated,Copepoda,Class,Arthropoda,Copepoda,,,,,,,,,,,,,,,,,,
,,,,,,,,,Corbicula,Corbicula,Corbiculidae NotDetermined,,,,,,,Corbicula sp. N,Adult,Corbicula fluminea,Species,Mollusca,Bivalvia,Veneroida,Corbiculidae,Corbicula,Corbicula fluminea,,,,,,,,,,,2016,,2017,
,,,,,,,,,,,Corbiculoidea NotDetermined,,,,,,,,Juvenile,Corbiculidae,Family,Mollusca,Bivalvia,Veneroida,Corbiculidae,,,,,,,,,,,,,,,,
,,,,,,,,,Corixidae,Corixidae,Corixidae Adults,,,,Corixidae NA NA,,,,Adult,Corixidae,Family,Arthropoda,Insecta,Hemiptera,Corixidae,,,,,,,,,,,,,2016,,,
,,,,,,,,,,,Corixidae Larvae,,,,,,,,Larva,Corixidae,Family,Arthropoda,Insecta,Hemiptera,Corixidae,,,,,,,,,,,,,2016,,,
,,,,,,,,,,,Corixidae NotDetermined,,,,,,,,Adult,Corixidae,Family,Arthropoda,Insecta,Hemiptera,Corixidae,,,,,,,,,,,,,2016,,,
,,,,,,,,,Corophiid Juvenile,Corophiid Juvenile,Corophiidae Larvae,,,,,,,,Juvenile,Corophiidae,Family,Arthropoda,Malacostraca,Amphipoda,Corophiidae,,,,,,,,,,,,,2016,,,
,,,,,,,,,,,Corophiidae NotDetermined,Corophium sp. undifferentiated,Corophium sp. undifferentiated,,,,,,Undifferentiated,Corophiidae,Family,Arthropoda,Malacostraca,Amphipoda,Corophiidae,,,,,,,,,,,,,,,,
,,,,,,,,,Prickly Sculpin,Prickly Sculpin,Cottidae NotDetermined,,,,,,,,Juvenile,Cottus asper,Species,Chordata,Actinopterygii,,Cottidae,Cottus,Cottus asper,,,,,,,,,,,2016,,,
,,,,,,,,,,,Crambidae Larvae,,,,,,,,Juvenile,Crambidae,Family,Arthropoda,Insecta,Lepidoptera,Crambidae,,,,,,,,,,,,,,,,
,,,,,,,,,,Bay Shrimp,Crangonidae NotDetermined,,,,,,Crangon_spp,,Adult,Crangon,Genus,Arthropoda,Malacostraca,Decapoda,Crangonidae,Crangon,,,,,,,,,,2017,,2016,,,
,,Crangonyx_sp,Crangonyx sp,,Crangonyx sp_,,Crangonyx_sp,,Crangonyx,Crangonyx,Crangonyctidae NotDetermined,,,,Crangonyx NA NA,,Crangonyx_spp,,Adult,Crangonyx,Genus,Arthropoda,Malacostraca,Amphipoda,Crangonycitidae,Crangonyx,,1995,2014,,2013,,,,,2017,,2016,,,
,,,,,,,,,,,Culicidae Adults,,,,,,,,Adult,Culicidae,Family,Arthropoda,Insecta,Diptera,Culicidae,,,,,,,,,,,,,,,,
,,,,,,,,,Culicidae larvae,Culicidae larvae,Culicidae Larvae,,,,,,,,Larva,Culicidae,Family,Arthropoda,Insecta,Diptera,Culicidae,,,,,,,,,,,,,2016,,,
,,,,,,,,,,,Culicidae NotDetermined,,,,,,,,Undifferentiated,Culicidae,Family,Arthropoda,Insecta,Diptera,Culicidae,,,,,,,,,,,,,,,,
,,,,,,,,,,,Culicidae Pupae,,,,,,,,Pupa,Culicidae,Family,Arthropoda,Insecta,Diptera,Culicidae,,,,,,,,,,,,,,,,
,,,,,,,,,,Curculionidae adult,Curculionidae Adults,,,,,,,,Adult,Curculionidae,Family,Arthropoda,Insecta,Coleoptera,Curculionidae,,,,,,,,,,,,,2016,,,
,,,,,,,,,,Curculionidae larvae,Curculionidae Larvae,,,,Curculionidae NA NA,,,,Larva,Curculionidae,Family,Arthropoda,Insecta,Coleoptera,Curculionidae,,,,,,,,,,,,,2016,,,
,OTHCYCAD,,,OTHCYCAD,,OTHCYCAD,,Other cyclopoid,Cyclopoid UNID,Cyclopoid UNID,Cyclopoida NotDetermined,Cyclopoida adult,Cyclopoida adult,,Cyclopoid NA Adult,,,Cyclopoida N,Adult,Cyclopoida,Order,Arthropoda,Copepoda,Cyclopoida,,,,,1972,,2005,,1995,,,,,2016,,2017,
,,,,,,,,,,,Cyprididae NotDetermined,,,,,,,,Adult,Cyprididae,Family,Arthropoda,Ostracoda,Podocopida,Cyprididae,,,,,,,,,,,,,,,,
,,,,,,,,,Cyprinid spp.,Cyprinid spp.,Cyprinidae NotDetermined,,,,,,,,Juvenile,Cyprinidae,Family,Chordata,Actinopterygii,Cypriniformes,Cyprinodontidae,,,,,,,,,,,,,2016,,,
,,,,,,,,,,,Cyprinodontidae NotDetermined,,,,,,,,Larva,Cyprinodontidae,Family,Chordata,Actinopterygii,Cypriniformes,Cyprinidae,,,,,,,,,,,,,,,,
,,,,,,,,,,,Daphniidae NotDetermined,,,,,Daphniidae_UNID,,,Adult,Daphniidae,Family,Arthropoda,Branchiopoda,Cladocera,Daphniidae,,,,,,,,,,,2017,,,,,
,,,,,,,,,,,Decapoda Larvae,,,,,,,,Larva,Decapoda,Order,Arthropoda,Malacostraca,Decapoda,,,,,,,,,,,,2017,,2016,,,
,,,,,,,,,Shrimp UNID,Shrimp UNID,Decapoda NotDetermined,,,,,,Shrimp_UNID,,Adult,Decapoda,Order,Arthropoda,Malacostraca,Decapoda,,,,,,,,,,,,2017,,2016,,,
,,,,,,,,,,Earwig,Dermaptera Adults,,,,,,,,Adult,Dermaptera,Order,Arthropoda,Insecta,Dermaptera,,,,,,,,,,,,,,2016,,,
,,,,,,,,,,,Dermaptera Larvae,,,,,,,,Larva,Dermaptera,Order,Arthropoda,Insecta,Dermaptera,,,,,,,,,,,,,,2016,,,
,,,,,,,,,,,Dermaptera NotDetermined,,,,,,,,Undifferentiated,Dermaptera,Order,Arthropoda,Insecta,Dermaptera,,,,,,,,,,,,,,2016,,,
,,,,,,,,,,Millipede,Diplopoda NotDetermined,,,,,,,,Adult,Diplopoda,Class,Arthropoda,Diplopoda,,,,,,,,,,,,,,,2018,,,
,,,,,,,,,Diptera adult,Diptera adult,Diptera Adults,,,,,,,,Adult,Diptera,Order,Arthropoda,Insecta,Diptera,,,,,,,,,,,,,,2016,,,
,,,,,,,,,Diptera larvae UNID,Diptera larvae UNID,Diptera Larvae,,,,Diptera NA NA,,,,Larva,Diptera,Order,Arthropoda,Insecta,Diptera,,,,,,,,,,,,,,2016,,,
,,,,,,,,,,,Diptera NotDetermined,,,,,,,,Undifferentiated,Diptera,Order,Arthropoda,Insecta,Diptera,,,,,,,,,,,,,,2016,,,
,,,,,,,,,Diptera pupae,Diptera pupae,Diptera Pupae,,,,,,,,Pupa,Diptera,Order,Arthropoda,Insecta,Diptera,,,,,,,,,,,,,,2016,,,
,,,,,,,,,,,Dixidae Larvae,,,,,,,,Larva,Dixidae,Family,Arthropoda,Insecta,Diptera,Dixidae,,,,,,,,,,,,,,,,
,,,,,,,,,,,Dixidae NotDetermined,,,,,,,,Undifferentiated,Dixidae,Family,Arthropoda,Insecta,Diptera,Dixidae,,,,,,,,,,,,,,,,
,,,,,,,,,,Dolichopodidae larvae,Dolichopodidae Adults,,,,,,,,Larva,Dolichopodidae,Family,Arthropoda,Insecta,Diptera,Dolichopodidae,,,,,,,,,,,,,2016,,,
,,,,,,,,,,,Dorylaimidae NotDetermined,,,,,,,,Adult,Dorylaimidae,Family,Nematoda,Enoplea,Dorylaimida,Dorylaimidae,,,,,,,,,,,,,,,,
,,,,,,,,,,,Dryopidae,,,,,,,,Adult,Dryopidae,Family,Arthropoda,Insecta,Coleoptera,Dryopidae,,,,,,,,,,,,,,,,
,,,,,,,,,Dytiscidae adult,Dytiscidae adult,Dytiscidae Adults,,,,,,,,Adult,Dytiscidae,Family,Arthropoda,Insecta,Coleoptera,Dytiscidae,,,,,,,,,,,,,2016,,,
,,,,,,,,,,Dytiscidae larvae,Dytiscidae Larvae,,,,Dytiscidae NA NA,,,,Larva,Dytiscidae,Family,Arthropoda,Insecta,Coleoptera,Dytiscidae,,,,,,,,,,,,,2016,,,
,,,,,,,,,,,Dytiscidae NotDetermined,,,,,,,,Undifferentiated,Dytiscidae,Family,Arthropoda,Insecta,Coleoptera,Dytiscidae,,,,,,,,,,,,,2016,,,
,,,,,,,,,,,Ectoprocta NotDetermined,,,,,,,,Adult,Ectoprocta,Phylum,Ectoprocta,,,,,,,,,,,,,,,,,,,
,,,,,,,,,,Elmidae adult,Elmidae Adults,,,,,,,,Adult,Elmidae,Family,Arthropoda,Insecta,Coleoptera,Elmidae,,,,,,,,,,,,,2018,,,
,,,,,,,,,Elmidae larvae,Elmidae larvae,Elmidae Larvae,,,,,,,,Larva,Elmidae,Family,Arthropoda,Insecta,Coleoptera,Elmidae,,,,,,,,,,,,,2016,,,
,,,,,,,,,,,Embioptera Larvae,,,,,,,,Adult,Embioptera,Order,Arthropoda,Insecta,Embioptera,,,,,,,,,,,,,,,,,
,,,,,,,,,,,Empididae Adults,,,,,,,,Adult,Empididae,Family,Arthropoda,Insecta,Diptera,Empididae,,,,,,,,,,,,,,,,
,,,,,,,,,,,Empididae Larvae,,,,,,,,Larva,Empididae,Family,Arthropoda,Insecta,Diptera,Empididae,,,,,,,,,,,,,,,,
,,,,,,,,,,,Empididae NotDetermined,,,,,,,,Adult,Empididae,Family,Arthropoda,Insecta,Diptera,Empididae,,,,,,,,,,,,,,,,
,,,,,,,,,,,Empididae Pupae,,,,,,,,Pupa,Empididae,Family,Arthropoda,Insecta,Diptera,Empididae,,,,,,,,,,,,,,,,
,,,,,,,,,,,Enchytraeidae,,,,,,,,Adult,Enchytraeidae,Family,Annelida,Oligochaeta,Enchytraeida,Enchytraeidae,,,,,,,,,,,,,,,,
,,,,,,,,,,,Enchytraeidae NotDetermined,,,,,,,,Undifferentiated,Empididae,Family,Arthropoda,Insecta,Diptera,Empididae,,,,,,,,,,,,,,,,
,,,,,,,,,,,Ephemerellidae Larvae,,,,,,,,Larva,Ephemerellidae,Family,Arthropoda,Insecta,Ephemeroptera,Ephemerellidae,,,,,,,,,,,,,,,,
,,,,,,,,,,,Ephemerellidae NotDetermined,,,,,,,,Undifferentiated,Ephemerellidae,Family,Arthropoda,Insecta,Ephemeroptera,Ephemerellidae,,,,,,,,,,,,,,,,
,,,,,,,,,,,Ephemeridae Adults,,,,,,,,Adult,Ephemeridae,Family,Arthropoda,Insecta,Ephemeroptera,Ephemeridae,,,,,,,,,,,,,,,,
,,,,,,,,,,,Ephemeridae NotDetermined,,,,,,,,Undifferentiated,Ephemeridae,Family,Arthropoda,Insecta,Ephemeroptera,Ephemeridae,,,,,,,,,,,,,,,,
,,,,,,,,,,Ephemeroptera adult,Ephemeroptera,,,,,,,,Adult,Ephemeroptera,Order,Arthropoda,Insecta,Ephemeroptera,,,,,,,,,,,,,,2016,,,
,,,,,,,,,,,Ephemeroptera Adults,,,,,,,,Adult,Ephemeroptera,Order,Arthropoda,Insecta,Ephemeroptera,,,,,,,,,,,,,,2016,,,
,,,,,,,,,,,Ephydridae Adults,,,,,,,,Adult,Ephydridae,Family,Arthropoda,Insecta,Diptera,Ephydridae,,,,,,,,,,,,,2016,,,
,,,,,,,,,,Ephydridae larvae,Ephydridae Larvae,,,,,,,,Larva,Ephydridae,Family,Arthropoda,Insecta,Diptera,Ephydridae,,,,,,,,,,,,,2016,,,
,,,,,,,,,,,Ephydridae NotDetermined,,,,,,,,Undifferentiated,Ephydridae,Family,Arthropoda,Insecta,Diptera,Ephydridae,,,,,,,,,,,,,2016,,,
,,,,,,,,,,,Ephydridae Pupae,,,,,,,,Pupa,Ephydridae,Family,Arthropoda,Insecta,Diptera,Ephydridae,,,,,,,,,,,,,2016,,,
,,,,,,,,,,,Erpobdellidae NotDetermined,,,,,,,,Adult,Erpobdellidae,Family,Annelida,Hirudinea,Arhynchobdellida,Erpobdellidae,,,,,,,,,,,,,,,,
,,,,,,,,,,,Eylaidae NotDetermined,,,,,,,,Adult,Eylaidae,Family,Arthropoda,Arachnida,Trombidiformes,Eylaidae,,,,,,,,,,,,,,,,
,,,,,,,,,Ant,Ant,Formicidae Adults,,,,Formicidae NA NA,,,,Adult,Formicidae,Family,Arthropoda,Insecta,Hymenoptera,Formicidae,,,,,,,,,,,,,2016,,,
,,,,,,,,,Mosquitofish,Mosquitofish,Gambusia affinis NotDetermined,,,,,,,,Juvenile,Gambusia affinis,Species,Chordata,Actinopterygii,,Poeciliidae,Gambusia,Gambusia affinis,,,,,,,,,,,2016,,,
,,,,,,,,,Gammarid juvenile,Gammarid juvenile,Gammaridae Larvae,,,,,,,,Juvenile,Gammaridae,Family,Arthropoda,Malacostraca,Amphipoda,Gammaridae,,,,,,,,,,,,,2016,,,
,,Unidentified_Gammarus,Unidentified Gammarus,,Unidentified Gammarus,,Unidentified_Gammarus,Gammarus,Gammarus,Gammarus,Gammaridae NotDetermined,,,,,,,,Adult,Gammarus,Genus,Arthropoda,Malacostraca,Amphipoda,Gammaridae,Gammarus,,1986,2014,,2013,,1995,,,,,2016,,,
,,,,,,,,,,,Gastropoda NotDetermined,Mollusca undifferentiated,Mollusca undifferentiated,Gastropoda,Gastropoda,,,,Undifferentiated,Gastropoda,Class,Mollusca,Gastropoda,,,,,,,,,,,,,,,,,,
,,,,,,,,,,,Geophilomorpha NotDetermined,,,,,,,,Adult,Geophilomorpha,Order,Arthropoda,Chilopoda,Geophilomorpha,,,,,,,,,,,,,,,,,
,,,,,,,,,,,Glossiphoniidae NotDetermined,,,,,,,,Adult,Glossiphoniidae,Family,Annelida,Hirudinea,Rhynchobdellida,Glossiphoniidae,,,,,,,,,,,,,,,,
,,,,,,,,,,,Glossoscolecidae NotDetermined,,,,,,,,Adult,Glossoscolecidae,Family,Annelida,Oligochaeta,Crassiclitellata,Glossoscolecidae,,,,,,,,,,,,,,,,
,,,,,,,,,,,Glossosomatidae Larvae,,,,,,,,Larva,Glossosomatidae,Family,Arthropoda,Insecta,Trichoptera,Glossosomatidae,,,,,,,,,,,,,,,,
,,,,,,,,,,Goby unid,Gobiidae NotDetermined,,,,,,,,Larva,Gobiidae,Family,Chordata,Actinopterygii,Gobiformes,Gobiidae,,,,,,,,,,,,,2016,,,
,,,,,,,,,,Gomphidae larvae,Gomphidae Larvae,,,,,,,,Larva,Gomphidae,Family,Arthropoda,Insecta,Odonata,Gomphidae,,,,,,,,,,,,,2016,,,
,,,,,,,,,,,Gomphidae NotDetermined,,,,,,,,Larva,Gomphidae,Family,Arthropoda,Insecta,Odonata,Gomphidae,,,,,,,,,,,,,2016,,,
,,,,,,,,,,Gyrinidae larvae,Gyrinidae Larvae,,,,,,,,Larva,Gyrinidae,Family,Arthropoda,Insecta,Coleoptera,Gyrinidae,,,,,,,,,,,,,2016,,,
,,,,,,,,,,Haliplidae adult,Haliplidae Adults,,,,,,,,Adult,Haliplidae,Family,Arthropoda,Insecta,Coleoptera,Haliplidae,,,,,,,,,,,,,2018,,,
,,,,,,,,,,,Haliplidae NotDetermined,,,,,,,,Adult,Haliplidae,Family,Arthropoda,Insecta,Coleoptera,Haliplidae,,,,,,,,,,,,,2018,,,
,,,,,,,,,,,Helophoridae Adults,,,,,,,,Adult,Helophoridae,Family,Arthropoda,Insecta,Coleoptera,Helophoridae,,,,,,,,,,,,,,,,
,,,,,,,,,,,Helophoridae NotDetermined,,,,,,,,Adult,Helophoridae,Family,Arthropoda,Insecta,Coleoptera,Helophoridae,,,,,,,,,,,,,,,,
,,,,,,,,,Hemiptera Other,Hemiptera Other,Hemiptera Adults,,,,Hemiptera NA NA,,,,Adult,Hemiptera,Order,Arthropoda,Insecta,Hemiptera,,,,,,,,,,,,,,2016,,,
,,,,,,,,,,,Hemiptera Larvae,,,,,,,,Larva,Hemiptera,Order,Arthropoda,Insecta,Hemiptera,,,,,,,,,,,,,,2016,,,
,,,,,,,,,,,Hemiptera NotDetermined,,,,,,,,Undifferentiated,Hemiptera,Order,Arthropoda,Insecta,Hemiptera,,,,,,,,,,,,,,2016,,,
,,,,,,,,,,Heptageniidae nymph,Heptageniidae Larvae,,,,,,,,Larva,Heptageniidae,Family,Arthropoda,Insecta,Ephemoroptera,Heptageniidae,,,,,,,,,,,,,2018,,,
,,,,,,,,,,,Heptageniidae NotDetermined,,,,,,,,Larva,Heptageniidae,Family,Arthropoda,Insecta,Ephemoroptera,Heptageniidae,,,,,,,,,,,,,2018,,,
,,,,,,,,,,,Heterobranchia NotDetermined,,,,,,,,Adult,Gastropoda,Class,Mollusca,Gastropoda,,,,,,,,,,,,,,,,,,
,,,,,,,,,Leech,Leech,Hirudinida NotDetermined,,,,Hirudinea NA NA,,,,Undifferentiated,Hirudinea,Class,Annelida,Hirudinea,,,,,,,,,,,,,,,2016,,,
,,,,,,,,,,,Hyalellidae Larvae,,,,,,,,Larva,Hyalella,Genus,Arthropoda,Malacostraca,Amphipoda,Hyalellidae,Hyalella,,,2014,,2013,,,,,2017,,2016,,2017,
,,Hyalella_sp,Hyalella sp,,Hyalella sp_,,Hyalella_sp,,Hyalella,Hyalella,Hyalellidae NotDetermined,,,,Hyalella NA NA,,Hyalella_spp,Hyalella sp. N,Adult,Hyalella,Genus,Arthropoda,Malacostraca,Amphipoda,Hyalellidae,Hyalella,,,2014,,2013,,,,,2017,,2016,,2017,
,,,,,,,,,,,Hydrachnidia,,,,,,,,Adult,Hydrachnidia,Order,Arthropoda,Arachnida,Hydrachnidia,,,,,,,,,,,,,,,,,
,,,,,,,,,,Hydraenidae adult,Hydraenidae Adults,,,,,,,,Adult,Hydraenidae,Family,Arthropoda,Insecta,Coleoptera,Hydraenidae,,,,,,,,,,,,,2018,,,
,,,,,,,,,,,Hydraenidae NotDetermined,,,,,,,,Adult,Hydraenidae,Family,Arthropoda,Insecta,Coleoptera,Hydraenidae,,,,,,,,,,,,,,,,
,,,,,,,,,,,Hydridae Larvae,,,,,,,,Larva,Hydridae,Family,Cnidaria,Hydrozoa,Anthoathecatae,Hydridae,,,,,,,,,,,,,,,,
,,,,,,,,,,,Hydridae NotDetermined,,,,,,,,Undifferentiated,Hydridae,Family,Cnidaria,Hydrozoa,Anthoathecatae,Hydridae,,,,,,,,,,,,,,,,
,,,,,,,,,Hydrobiidae,Hydrobiidae,Hydrobiidae NotDetermined,,,,Hydrobiidae NA NA,,,,Adult,Hydrobiidae,Family,Mollusca,Gastropoda,Littorinimorpha,Hydrobiidae,,,,,,,,,,,,,2016,,,
,,,,,,,,,Hydrophilidae adult Beetle,Hydrophilidae adult Beetle,Hydrophilidae Adults,,,,,,,,Adult,Hydrophilidae,Family,Arthropoda,Insecta,Coleoptera,Hydrophilidae,,,,,,,,,,,,,2016,,,
,,,,,,,,,Hydrophilidae larvae Beetle,Hydrophilidae larvae Beetle,Hydrophilidae Larvae,,,,,,,,Larva,Hydrophilidae,Family,Arthropoda,Insecta,Coleoptera,Hydrophilidae,,,,,,,,,,,,,2016,,,
,,,,,,,,,,,Hydrophilidae NotDetermined,,,,,,,,Undifferentiated,Hydrophilidae,Family,Arthropoda,Insecta,Coleoptera,Hydrophilidae,,,,,,,,,,,,,2016,,,
,,,,,,,,,,,Hydropsychidae Adults,,,,,,,,Adult,Hydropsychidae,Family,Arthropoda,Insecta,Trichoptera,Hydropsychidae,,,,,,,,,,,,,,,,
,,,,,,,,,,,Hydropsychidae Larvae,,,,,,,,Larva,Hydropsychidae,Family,Arthropoda,Insecta,Trichoptera,Hydropsychidae,,,,,,,,,,,,,,,,
,,,,,,,,,,,Hydropsychidae NotDetermined,,,,,,,,Undifferentiated,Hydropsychidae,Family,Arthropoda,Insecta,Trichoptera,Hydropsychidae,,,,,,,,,,,,,,,,
,,,,,,,,,,,Hydroptilidae Adults,,,,,,,,Adult,Hydroptilidae,Family,Arthropoda,Insecta,Trichoptera,Hydroptilidae,,,,,,,,,,,,,2016,,,
,,,,,,,,,Hydroptilidae larvae Caddisfly,Hydroptilidae larvae Caddisfly,Hydroptilidae Larvae,,,,Hydroptilidae NA NA,,,,Larva,Hydroptilidae,Family,Arthropoda,Insecta,Trichoptera,Hydroptilidae,,,,,,,,,,,,,2016,,,
,,,,,,,,,,,Hydroptilidae NotDetermined,,,,,,,,Undifferentiated,Hydroptilidae,Family,Arthropoda,Insecta,Trichoptera,Hydroptilidae,,,,,,,,,,,,,2016,,,
,,,,,,,,,,Hydroptilidae pupae Caddisfly,Hydroptilidae Pupae,,,,,,,,Pupa,Hydroptilidae,Family,Arthropoda,Insecta,Trichoptera,Hydroptilidae,,,,,,,,,,,,,2016,,,
,,,,,,,,,,,Hygrobatidae NotDetermined,,,,,,,,Adult,Hygrobatidae,Family,Arthropoda,Arachnida,Trombidiformes,Hygrobatidae,,,,,,,,,,,,,,,,
,,,,,,,,,,,Hygrophila NotDetermined,,,,,,,,Adult,Hygrophila,Order,Mollusca,Gastropoda,Hygrophila,,,,,,,,,,,,,,,,,
,,,,,,,,,,,Hymenoptera Adults,,,,,,,,Adult,Hymenoptera,Order,Arthropoda,Insecta,Hymenoptera,,,,,,,,,,,,,,,,,
,,,,,,,,,,,Hymenoptera Larvae,,,,,,,,Larva,Hymenoptera,Order,Arthropoda,Insecta,Hymenoptera,,,,,,,,,,,,,,,,,
,,,,,,,,,,,Hymenoptera NotDetermined,,,,,,,,Undifferentiated,Hymenoptera,Order,Arthropoda,Insecta,Hymenoptera,,,,,,,,,,,,,,,,,
,,,,,,,,,,,Hymenoptera Pupae,,,,,,,,Pupa,Hymenoptera,Order,Arthropoda,Insecta,Hymenoptera,,,,,,,,,,,,,,,,,
,,,,,,,,,,,Ictaluridae NotDetermined,,,,,,,,Juvenile,Ictaluridae,Family,Chordata,Actinopterygii,Ictaluridae,,,,,,,,,,,,,,,,,
,,,,,,,,Other Insect larvae,Insect larvae UNID,Insect larvae UNID,Insecta Larvae,Insecta larva,Insecta larva,,,,,,Larva,Insecta,Class,Arthropoda,Insecta,,,,,,,,,,1995,1999,,,,2016,,,
,,,,,,,,,,,Isopoda NotDetermined,Isopoda undifferentiated,Isopoda undifferentiated,,,,Isopoda_UNID,,Undifferentiated,Isopoda,Order,Arthropoda,Malacostraca,Isopoda,,,,,,,,,,,,2018,,,,,
,,,,,,,,,,Termite,Isoptera Adults,,,,,,,,Adult,Isoptera,Order,Arthropoda,Insecta,Isoptera,,,,,,,,,,,,,,2018,,,
,,,,,,,,,,,Isoptera Larvae,,,,,,,,Larva,Isoptera,Order,Arthropoda,Insecta,Isoptera,,,,,,,,,,,,,,2018,,,
,,,,,,,,,,,Ixodida NotDetermined,,,,,,,,Adult,Ixodida,Order,Arthropoda,Arachnida,Ixodida,,,,,,,,,,,,,,,,,
,,,,,,,,,,,Julida NotDetermined,,,,,,,,Adult,Julida,Order,Arthropoda,Diplopoda,Julida,,,,,,,,,,,,,,,,,
,,,,,,,,,,,Lebertiidae Larvae,,,,,,,,Larva,Lebertiidae,Family,Arthropoda,Arachnida,Trombidiformes,Lebertiidae,,,,,,,,,,,,,,,,
,,,,,,,,,,,Lebertiidae NotDetermined,,,,,,,,Larva,Lebertiidae,Family,Arthropoda,Arachnida,Trombidiformes,Lebertiidae,,,,,,,,,,,,,,,,
,,,,,,,,,,,Lepidoptera Adults,,,,,,,,Adult,Lepidoptera,Order,Arthropoda,Insecta,Lepidoptera,,,,,,,,,,,,,,2016,,,
,,,,,,,,,Lepidoptera larvae,Lepidoptera larvae,Lepidoptera Larvae,,,,,,,,Larva,Lepidoptera,Order,Arthropoda,Insecta,Lepidoptera,,,,,,,,,,,,,,2016,,,
,,,,,,,,,,,Lepidoptera NotDetermined,,,,,,,,Undifferentiated,Lepidoptera,Order,Arthropoda,Insecta,Lepidoptera,,,,,,,,,,,,,,2016,,,
,,,,,,,,,,,Lepidoptera Pupae,,,,,,,,Pupa,Lepidoptera,Order,Arthropoda,Insecta,Lepidoptera,,,,,,,,,,,,,,2016,,,
,,,,,,,,,,,Leptoceridae Adults,,,,,,,,Adult,Leptoceridae,Family,Arthropoda,Insecta,Trichoptera,Leptoceridae,,,,,,,,,,,,,,,,
,,,,,,,,,,,Leptoceridae Larvae,,,,,,,,Larva,Leptoceridae,Family,Arthropoda,Insecta,Trichoptera,Leptoceridae,,,,,,,,,,,,,,,,
,,,,,,,,,,,Leptoceridae NotDetermined,,,,,,,,Undifferentiated,Leptoceridae,Family,Arthropoda,Insecta,Trichoptera,Leptoceridae,,,,,,,,,,,,,,,,
,,,,,,,,,,,Leptoceridae Pupae,,,,,,,,Pupa,Leptoceridae,Family,Arthropoda,Insecta,Trichoptera,Leptoceridae,,,,,,,,,,,,,,,,
,,,,,,,,,,,Leptocheliidae NotDetermined,,,,,,,,Adult,Leptocheliidae,Family,Arthropoda,Malacostraca,Tanaidacea,Leptocheliidae,,,,,,,,,,,,,,,,
,,,,,,,,,,,Leptohyphidae Adults,,,,,,,,Adult,Leptohyphidae,Family,Arthropoda,Insecta,Ephemeroptera,Leptohyphidae,,,,,,,,,,,,,,,,
,,,,,,,,,,,Leptohyphidae Larvae,,,,,,,,Larva,Leptohyphidae,Family,Arthropoda,Insecta,Ephemeroptera,Leptohyphidae,,,,,,,,,,,,,,,,
,,,,,,,,,,,Leptohyphidae NotDetermined,,,,,,,,Undifferentiated,Leptohyphidae,Family,Arthropoda,Insecta,Ephemeroptera,Leptohyphidae,,,,,,,,,,,,,,,,
,,,,,,,,,,Libellulidae,Libellulidae NotDetermined,,,,,,,,Larva,Libellulidae,Family,Arthropoda,Insecta,Odonata,Libellulidae,,,,,,,,,,,,,2016,,,
,,,,,,,,,,,Limnesiidae NotDetermined,,,,,,,,Adult,Limnesiidae,Family,Arthropoda,Arachnida,Trombidiformes,Limnesiidae,,,,,,,,,,,,,,,,
,,,,,,,,,,,Lithobiomorpha NotDetermined,,,,,,,,Adult,Lithobiomorpha,Order,Arthropoda,Chilopoda,Lithobiomorpha,,,,,,,,,,,,,,,,,
,,,,,,,,,,,Lumbricina NotDetermined,,,,,,,,Adult,Lumbricina,Order,Annelida,Oligochaeta,Lumbricina,,,,,,,,,,,,,,,,,
,,,,,,,,,,,Lumbriculidae,,,,,,,,Adult,Lumbriculidae,Family,Annelida,Oligochaeta,Lumbriculida,Lumbriculidae,,,,,,,,,,,,,,,,
,,,,,,,,,,,Lygaeidae Adults,,,,,,,,Adult,Lygaeidae,Family,Arthropoda,Insecta,Hemiptera,Lygaeidae,,,,,,,,,,,,,,,,
,,,,,,,,,Lymnaeidae,Lymnaeidae,Lymnaeidae NotDetermined,,,,,,,Lymnaeidae N,Adult,Lymnaeidae,Family,Mollusca,Gastropoda,Basommatophora,Lymnaeidae,,,,,,,,,,,,,2016,,2017,
,,,,,,,,,,,Mantodea Adults,,,,,,,,Adult,Mantodea,Order,Arthropoda,Insecta,Mantodea,,,,,,,,,,,,,,,,,
,,,,,,,,,,,Melyridae,,,,,,,,Adult,Melyridae,Family,Arthropoda,Insecta,Coleoptera,Melyridae,,,,,,,,,,,,,,,,
,,,,,,,,,,,Mermithidae NotDetermined,,,,,,,,Adult,Mermithidae,Family,Nematoda,,Mermithida,Mermithidae,,,,,,,,,,,,,,,,
,,,,,,,,,,,Mesoveliidae Adults,,,,,,,,Adult,Mesoveliidae,Family,Arthropoda,Insecta,Hemiptera,Mesoveliidae,,,,,,,,,,,,,2016,,,
,,,,,,,,,,Mesoveliidae,Mesoveliidae Larvae,,,,,,,,Larva,Mesoveliidae,Family,Arthropoda,Insecta,Hemiptera,Mesoveliidae,,,,,,,,,,,,,2016,,,
,,,,,,,,,,,Mideopsidae NotDetermined,,,,,,,,Adult,Mideopsidae,Family,Arthropoda,Arachnida,Trombidiformes,Mideopsidae,,,,,,,,,,,,,,,,
,,,,,,,,,,,Morone NotDetermined,,,,,,,,Juvenile,Morone saxitilis,Species,Chordata,Actinopterygii,Acanthuriformes,Moronidae,Morone,Morone saxitilis,,,,,,,,,,,,,,
,,,,,,,,,,,Murchisonellidae NotDetermined,,,,,,,,Adult,Murchisonellidae,Family,Mollusca,Gastropoda,Heterostropha,Murchisonellidae,,,,,,,,,,,,,,,,
,,,,,,,,,,Muscidae larvae,Muscidae NotDetermined,,,,,,,,Larva,Muscidae,Family,Arthropoda,Insecta,Diptera,Muscidae,,,,,,,,,,,,,2018,,,
,,Unidentified_mysid,Unidentified Mysid,,Unidentified Mysid,,Unidentified_Mysid,,Mysid UNID,Mysid UNID,Mysidae NotDetermined,,,,Mysidae NA NA,,Mysid_UNID,Mysidae N,Adult,Mysidae,Family,Arthropoda,Malacostraca,Mysida,Mysidae,,,,2007,,2007,,,,,2017,,2016,,2017,
,,,,,,,,,,,Naididae NotDetermined,,,,,,,,Adult,Naididae,Family,Annelida,Oligochaeta,Tubificida,Naididae,,,,,,,,,,,,,,,,
,,,,,,,,,,,Naucoridae Larvae,,,,,,,,Adult,Naucoridae,Family,Arthropoda,Insecta,Hemiptera,Naucoridae,,,,,,,,,,,,,,,,
,,,,,,,,,Nematode,Nematode,Nematoda NotDetermined,,,,Nematoda NA NA,,,Nematoda N,Adult,Nematoda,Phylum,Nematoda,,,,,,,,,,,,,,,,2016,,2017,
,,,,,,,,,,,Nereididae NotDetermined,,,,,,,,Adult,Nereididae,Family,Annelida,Polychaeta,Aciculata,Nereididae,,,,,,,,,,,,,,,,
,,,,,,,,,,Neuroptera adult,Neuroptera Adults,,,,,,,,Adult,Neuroptera,Order,Arthropoda,Insecta,Neuroptera,,,,,,,,,,,,,,2016,,,
,,,,,,,,,,,Neuroptera Larvae,,,,,,,,Larva,Neuroptera,Order,Arthropoda,Insecta,Neuroptera,,,,,,,,,,,,,,2016,,,
,,,,,,,,,,,Neuroptera NotDetermined,,,,,,,,Undifferentiated,Neuroptera,Order,Arthropoda,Insecta,Neuroptera,,,,,,,,,,,,,,,,,
,,,,,,,,,,Notonectidae,Notonectidae Adults,,,,,,,,Adult,Notonectidae,Family,Arthropoda,Insecta,Hemiptera,Notonectidae,,,,,,,,,,,,,2018,,,
,,,,,,,,,,,Notonectidae Larvae,,,,,,,,Larva,Notonectidae,Family,Arthropoda,Insecta,Hemiptera,Notonectidae,,,,,,,,,,,,,2018,,,
,,,,,,,,,,,Notonectidae NotDetermined,,,,,,,,Undifferentiated,Notonectidae,Family,Arthropoda,Insecta,Hemiptera,Notonectidae,,,,,,,,,,,,,2018,,,
,,,,,,,,,Oligochaete,Oligochaete,Oligochaeta NotDetermined,,,,,,,Oligochaeta N,Undifferentiated,Oligochaeta,Class,Annelida,Oligochaeta,,,,,,,,,,,,,,,2016,,2017,
,,,,,,,,,,,Opiliones NotDetermined,,,,,,,,Adult,Opiliones,Order,Arthropoda,Arachnida,Opiliones,,,,,,,,,,,,,,,,,
,,,,,,,,,,,Oribatei NotDetermined,,,,,,,,Adult,Oribatei,Order,Arthropoda,Arachnida,Oribatei,,,,,,,,,,,,,,,,,
,,,,,,,,,,,Orthoptera Larvae,,,,,,,,Adult,Orthoptera,Order,Arthropoda,Insecta,Orthoptera,,,,,,,,,,,,,,2016,,,
,,,,,,,,,,Orthoptera,Orthoptera NotDetermined,,,,,,,,Adult,Orthoptera,Order,Arthropoda,Insecta,Orthoptera,,,,,,,,,,,,,,2016,,,
,,,,OSTRACOD,,OSTRACOD,,Ostracods,Ostracods,Ostracods,Ostracoda NotDetermined,Ostracoda undifferentiated,Ostracoda undifferentiated,,Ostracoda NA Adult,Ostracoda_UNID,,Ostracoda N,Adult,Ostracoda,Class,Arthropoda,Ostracoda,,,,,,,,2005,,1995,,,2017,,2016,,2017,
,,,,,,,,,,,Palaemonidae NotDetermined,,,,,,,,Adult,Palaemonidae,Family,Arthropoda,Malacostraca,Decapoda,Palaemonidae,,,,,,,,,,,,,,,,
,,,,,,,,,Bigscale Logperch,Bigscale Logperch,Percidae,,,,,,,,Juvenile,Percidae macrolepida,Species,Chordata,Actinopterygii,,Percidae,Percidae,Percidae macrolepida,,,,,,,,,,,2016,,,
,,,,,,,,,,,Perlodidae Larvae,,,,,,,,Adult,Perlodidae,Family,Arthropoda,Insecta,Plecoptera,Perlodidae,,,,,,,,,,,,,,,,
,,,,,,,,,,,Phlaeothripidae Adults,,,,,,,,Adult,Phlaeothripidae,Family,Arthropoda,Insecta,Thysanoptera,Phlaeothripidae,,,,,,,,,,,,,,,,
,,,,,,,,,,,Phoridae Adults,,,,,,,,Adult,Phoridae,Family,Arthropoda,Insecta,Diptera,Phoridae,,,,,,,,,,,,,,,,
,,,,,,,,,,,Phoridae Larvae,,,,,,,,Larva,Phoridae,Family,Arthropoda,Insecta,Diptera,Phoridae,,,,,,,,,,,,,,,,
,,,,,,,,,Physa,Physa,Physidae NotDetermined,,,,Physidae NA NA,,,,Adult,Physa,Genus,Mollusca,Gastropoda,Hygrophila,Physidae,Physa,,,,,,,,,,,,2016,,,
,,,,,,,,,,,Pionidae NotDetermined,,,,,,,,Adult,Pionidae,Family,Arthropoda,Arachnida,Trombidiformes,Pionidae,,,,,,,,,,,,,,,,
,,,,,,,,,,,Planariidae,,,,,,,,Adult,Planariidae,Family,Platyhelminthes,Turbellaria,Tricladida,Planariidae,,,,,,,,,,,,,,,,
,,,,,,,,,,Planorbidae UNID,Planorbidae NotDetermined,,,,Planorbidae NA NA,,,,Adult,Planorbidae,Family,Mollusca,Gastropoda,Hygrophila,Planorbidae,,,,,,,,,,,,,2016,,,
,,,,,,,,,,,Plecoptera,,,,,,,,Larva,Plecoptera,Order,Arthropoda,Insecta,Plecoptera,,,,,,,,,,,,,,,,,
,,,,,,,,,,,Poduridae Adults,,,,,,,,Adult,Poduridae,Family,Arthropoda,Collembola,Poduromorpha,Poduridae,,,,,,,,,,,,,,,,
,,,,,,,,,,,Protura Larvae,,,,,,,,Larva,Protura,Order,Arthropoda,Protura,,,,,,,,,,,,,,,,,,
,,,,,,,,,,,Pseudironidae NotDetermined,,,,,,,,Larva,Pseudironidae,Family,Arthropoda,Insecta,Ephemeroptera,Pseudironidae,,,,,,,,,,,,,,,,
,,,,,,,,,,,Pseudoscorpiones NotDetermined,,,,,,,,Adult,Pseudoscorpiones,Order,Arthropoda,Arachnida,Pseudoscorpiones,,,,,,,,,,,,,,,,,
,,,,,,,,,,Psocoptera adult,Psocoptera Adults,,,,,,,,Adult,Psocoptera,Order,Arthropoda,Insecta,Psocoptera,,,,,,,,,,,,,,2016,,,
,,,,,,,,,,Psocoptera larvae,Psocoptera Larvae,,,,,,,,Larva,Psocoptera,Order,Arthropoda,Insecta,Psocoptera,,,,,,,,,,,,,,2016,,,
,,,,,,,,,,,Psocoptera NotDetermined,,,,,,,,Undifferentiated,Psocoptera,Order,Arthropoda,Insecta,Psocoptera,,,,,,,,,,,,,,2016,,,
,,,,,,,,,,,Psychodidae Adults,,,,,,,,Adult,Psychodidae,Family,Arthropoda,Insecta,Diptera,Psychodidae,,,,,,,,,,,,,2016,,,
,,,,,,,,,,Psychodidae larvae,Psychodidae Larvae,,,,,,,,Larva,Psychodidae,Family,Arthropoda,Insecta,Diptera,Psychodidae,,,,,,,,,,,,,2016,,,
,,,,,,,,,,,Psychodidae NotDetermined,,,,,,,,Undifferentiated,Psychodidae,Family,Arthropoda,Insecta,Diptera,Psychodidae,,,,,,,,,,,,,2016,,,
,,,,,,,,,,,Psychodidae Pupae,,,,,,,,Pupa,Psychodidae,Family,Arthropoda,Insecta,Diptera,Psychodidae,,,,,,,,,,,,,2016,,,
,,,,,,,,,,,Psychomyiidae Adults,,,,,,,,Adult,Psychomyiidae,Family,Arthropoda,Insecta,Trichoptera,Psychomyiidae,,,,,,,,,,,,,,,,
,,,,,,,,,,,Psychomyiidae NotDetermined,,,,,,,,Adult,Psychomyiidae,Family,Arthropoda,Insecta,Trichoptera,Psychomyiidae,,,,,,,,,,,,,,,,
,,,,,,,,,,,Pteromalidae Adults,,,,,,,,Adult,Pteromalidae,Family,Arthropoda,Insecta,Hymenoptera,Pteromalidae,,,,,,,,,,,,,,,,
,,,,,,,,,,,Ptiliidae Adults,,,,,,,,Adult,Ptiliidae,Family,Arthropoda,Insecta,Coleoptera,Ptiliidae,,,,,,,,,,,,,,,,
,,,,,,,,,,,Ptilodactylidae,,,,,,,,Adult,Ptilodactylidae,Family,Arthropoda,Insecta,Coleoptera,Ptilodactylidae,,,,,,,,,,,,,,,,
,,,,,,,,,,,Pyralidae Larvae,,,,,,,,Adult,Pyralidae,Family,Arthropoda,Insecta,Lepidoptera,Pyralidae,,,,,,,,,,,,,,,,
,,,,,,,,,,,Reduviidae Adults,,,,,,,,Adult,Reduviidae,Family,Arthropoda,Insecta,Hemiptera,Reduviidae,,,,,,,,,,,,,,,,
,,,,,,,,,,,Sabellidae NotDetermined,,,,,,,,Adult,Sabellidae,Family,Annelida,Polychaeta,Canalipalpata,Sabellidae,,,,,,,,,,,,,,,,
,,,,,,,,,,,Salticidae NotDetermined,,,,,,,,Undifferentiated,Salticidae,Family,Arthropoda,Arachnida,Araneae,Salticidae,,,,,,,,,,,,,,,,
,,,,,,,,,,Scirtidae adult,Sciaridae Adults,,,,,,,,Adult,Scirtidae,Family,Arthropoda,Insecta,Coleoptera,Scirtidae,,,,,,,,,,,,,2016,,,
,,,,,,,,,,Sciomyzidae larvae,Sciomyzidae Larvae,,,,,,,,Larva,Sciomyzidae,Family,Arthropoda,Insecta,Diptera,Sciomyzidae,,,,,,,,,,,,,2016,,,
,,,,,,,,,,,Sciomyzidae NotDetermined,,,,,,,,Larva,Sciomyzidae,Family,Arthropoda,Insecta,Diptera,Sciomyzidae,,,,,,,,,,,,,2016,,,
,,,,,,,,,,,Sididae NotDetermined,,,,,,,,Adult,Sididae,Family,Arthropoda,Branchiopoda,Cladocera,Sididae,,,,,,,,,,,,,,,,
,,,,,,,,,,,Simuliidae Adults,,,,,,,,Adult,Simuliidae,Family,Arthropoda,Insecta,Diptera,Simuliidae,,,,,,,,,,,,,2016,,,
,,,,,,,,,,Simuliidae larvae,Simuliidae Larvae,,,,,,,,Larva,Simuliidae,Family,Arthropoda,Insecta,Diptera,Simuliidae,,,,,,,,,,,,,2016,,,
,,,,,,,,,,,Simuliidae NotDetermined,,,,,,,,Undifferentiated,Simuliidae,Family,Arthropoda,Insecta,Diptera,Simuliidae,,,,,,,,,,,,,2016,,,
,,,,,,,,,,,Simuliidae Pupae,,,,,,,,Pupa,Simuliidae,Family,Arthropoda,Insecta,Diptera,Simuliidae,,,,,,,,,,,,,2016,,,
,,,,,,,,,,Sisyridae larvae,Sisyridae Larvae,,,,Sisyridae NA NA,,,,Larva,Sisyridae,Family,Arthropoda,Insecta,Neuroptera,Sisyridae,,,,,,,,,,,,,2016,,,
,,,,,,,,,,,Sperchontidae NotDetermined,,,,,,,,Adult,Sperchontidae,Family,Arthropoda,Arachnida,Trombidiformes,Sperchontidae,,,,,,,,,,,,,,,,
,,,,,,,,,,,Sphaeriidae NotDetermined,,,,,,,,Larva,Sphaeriidae,Family,Mollusca,Bivalvia,Veneroida,Sphaeriidae,,,,,,,,,,,,,,,,
,,,,,,,,,Staphylinidae adult,Staphylinidae adult,Staphylinidae Adults,,,,,,,,Adult,Staphylinidae,Family,Arthropoda,Insecta,Coleoptera,Staphylinidae,,,,,,,,,,,,,2016,,,
,,,,,,,,,,Stratiomyidae,Stratiomyidae Larvae,,,,,,,,Undifferentiated,Stratiomyidae,Family,Arthropoda,Insecta,Diptera,Stratiomyidae,,,,,,,,,,,,,2018,,,
,,,,,,,,,,,Stratiomyidae NotDetermined,,,,,,,,Undifferentiated,Stratiomyidae,Family,Arthropoda,Insecta,Diptera,Stratiomyidae,,,,,,,,,,,,,2018,,,
,,,,,,,,,,,Stylommatophora NotDetermined,,,,,,,,Adult,Stylommatophora,Order,Mollusca,Gastropoda,Stylommatophora,,,,,,,,,,,,,,,,,
,,,,,,,,,,,Succineidae NotDetermined,,,,,,,,Undifferentiated,Succineidae,Family,Mollusca,Gastropoda,Stylommatophora,Succineidae,,,,,,,,,,,,,,,,
,,,,,,,,,,,Syrphidae NotDetermined,,,,,,,,Adult,Syrphidae,Family,Arthropoda,Insecta,Diptera,Syrphidae,,,,,,,,,,,,,,,,
,,,,,,,,,,Tabanidae,Tabanidae Larvae,,,,,,,,Larva,Tabanidae,Family,Arthropoda,Insecta,Diptera,Tabanidae,,,,,,,,,,,,,2016,,,
,,,,,,,,,,,Tabanidae NotDetermined,,,,,,,,Larva,Tabanidae,Family,Arthropoda,Insecta,Diptera,Tabanidae,,,,,,,,,,,,,,,,
,,,,,,,,,,,Taeniopterygidae,,,,,,,,Adult,Taeniopterygidae,Family,Arthropoda,Insecta,Plecoptera,Taeniopterygidae,,,,,,,,,,,,,,,,
,,,,,,,,,Talitridae,Talitridae,Talitridae NotDetermined,,,,,,,,Adult,Talitridae,Family,Arthropoda,Malacostraca,Amphipoda,Talitridae,,,1962,,,,,,,,,,2016,,,
,,,,,,,,,Tanaid,Tanaid,Tanaidacea NotDetermined,,,,,,Tanaidacea_UNID,,Undifferentiated,Tanaidacea,Order,Arthropoda,Malacostraca,Tanaidacea,,,,,,,,,,,,2018,2019,2016,,,
,,,,,,,,,,,Tanaidae,,,,,,,,Adult,Tanaidae,Family,Arthropoda,Malacostraca,Tanaidacea,Tanaidae,,,,,,,,,,,,,,,,
,,,,,,,,,,,Tetrastemmatidae NotDetermined,,,,,,,,Adult,Tetrastemmatidae,Family,Nemertea,Enopla,Hoplonemertea,Tetrastemmatidae,,,,,,,,,,,,,,,,
,,,,,,,,,Thrips,Thrips,Thysanoptera Adults,,,,,,,,Adult,Thysanoptera,Order,Arthropoda,Insecta,Thysanoptera,,,,,,,,,,,,,,2016,,,
,,,,,,,,,,,Thysanoptera Larvae,,,,,,,,Larva,Thysanoptera,Order,Arthropoda,Insecta,Thysanoptera,,,,,,,,,,,,,,2016,,,
,,,,,,,,,,,Thysanoptera NotDetermined,,,,,,,,Undifferentiated,Thysanoptera,Order,Arthropoda,Insecta,Thysanoptera,,,,,,,,,,,,,,2016,,,
,,,,,,,,,,,Thysanura NotDetermined,,,,,,,,Adult,Thysanura,Order,Arthropoda,Insecta,Thysanura,,,,,,,,,,,,,,,,,
,,,,,,,,,,,Tipulidae Adults,,,,,,,,Adult,Tipulidae,Family,Arthropoda,Insecta,Diptera,Tipulidae,,,,,,,,,,,,,2016,,,
,,,,,,,,,,Tipulidae larvae,Tipulidae Larvae,,,,,,,,Larva,Tipulidae,Family,Arthropoda,Insecta,Diptera,Tipulidae,,,,,,,,,,,,,2016,,,
,,,,,,,,,,,Tipulidae NotDetermined,,,,,,,,Undifferentiated,Tipulidae,Family,Arthropoda,Insecta,Diptera,Tipulidae,,,,,,,,,,,,,2016,,,
,,,,,,,,,,,Tipulidae Pupae,,,,,,,,Pupa,Tipulidae,Family,Arthropoda,Insecta,Diptera,Tipulidae,,,,,,,,,,,,,2016,,,
,,,,,,,,,Trichoptera adult,Trichoptera adult,Trichoptera Adults,,,,,,,,Adult,Trichoptera,Order,Arthropoda,Insecta,Trichoptera,,,,,,,,,,,,,,2016,,,
,,,,,,,,,,Leptohyphidae mayfly larvae,Tricorythidae NotDetermined,,,,,,,,Larva,Tricorythodes minutus,Species,Arthropoda,Insecta,Ephemeroptera,Leptohyphidae,Tricorythodes,Tricorythodes minutus,,,,,,,,,,,2016,,,
,,,,,,,,,,,Truncatelloidea NotDetermined,,,,,,,,Adult,Truncatelloidea,Family,Mollusca,Gastropoda,Littorinimorpha,Truncatelloidea,,,,,,,,,,,,,,,,
,,,,,,,,,,,Turbellaria NotDetermined,,,,,,,,Adult,Turbellaria,Class,Platyhelminthes,Turbellaria,,,,,,,,,,,,,,,,,,
,,,,,,,,,,,Unionicolidae NotDetermined,,,,,,,,Adult,Unionicolidae,Family,Arthropoda,Arachnida,Trombidiformes,Unionicolidae,,,,,,,,,,,,,,,,
,,,,,,,,,Veliidae,Veliidae,Veliidae Adults,,,,,,,,Adult,Veliidae,Family,Arthropoda,Insecta,Hemiptera,Veliidae,,,,,,,,,,,,,2016,,,
,,,,,,,,,,,Veliidae Larvae,,,,,,,,Larva,Veliidae,Family,Arthropoda,Insecta,Hemiptera,Veliidae,,,,,,,,,,,,,2016,,,
,,,,,,,,,,,Veliidae NotDetermined,,,,,,,,Undifferentiated,Veliidae,Family,Arthropoda,Insecta,Hemiptera,Veliidae,,,,,,,,,,,,,2016,,,
,,,,,,,,,,,Vertebrata NotDetermined,,,,,,,,Juvenile,Chordata,Phylum,Chordata,,,,,,,,,,,,,,,,,,,
,,,,,,,,,,,,,,,,,,Acanthocyclops robustus N,Adult,Acanthocyclops,Genus,Arthropoda,Copepoda,Cyclopoida,Cyclopidae,Acanthocyclops,,,,,,,,,,2017,,,,2017,
,ACANTHO,,,ACANTHO,,ACANTHO,,Acanthocyclops,Acanthocyclops,,,Acanthocyclops sp. adult,Acanthocyclops sp. adult,,,Acanthocyclops_spp_adult,,Acanthocyclops sp. N,Adult,Acanthocyclops,Genus,Arthropoda,Copepoda,Cyclopoida,Cyclopidae,Acanthocyclops,,,1972,,2005,,1995,2010,2014,2017,,2016,,2017,
,,,,,,,,,,,,Acanthocyclops vernalis copepodid,Acanthocyclops vernalis copepodid,,,Acanthocyclops_vernalis_copepodid,,,Juvenile,Acanthocyclops,Genus,Arthropoda,Copepoda,Cyclopoida,Cyclopidae,Acanthocyclops,,,,,,,,,,2017,,,,,
,,,,,,,,,,,,,,,Acanthocyclops vernalis Adult,Acanthocyclops_vernalis_adult,,,Adult,Acanthocyclops vernalis,Species,Arthropoda,Copepoda,Cyclopoida,Cyclopidae,Acanthocyclops,Acanthocyclops vernalis,,,,,,,,,2017,,,,,
,,,,,,,,,,Yellowfin Goby,,,,,,,,,Juvenile,Acanthogobius flavimanus,Species,Chordata,Actinopterygii,,Gobiidae,Acanthogobius,Acanthogobius flavimanus,,,,,,,,,,,2016,,,
,ACARJUV,,,ACARJUV,,ACARJUV,,Acartia copepodid,Acartia copepodid,,,,,,,Acartia_spp_copepodid,,,Juvenile,Acartia,Genus,Arthropoda,Copepoda,Calanoida,Acartiidae,Acartia,,,2006,,2006,,2006,,,2017,,2016,,,
,ACARTIA,,,ACARTIA,,ACARTIA,,Acartia spp_,Acartia spp.,,,Acartia sp. adult,Acartia sp. adult,,,Acartia_spp_adult,,,Adult,Acartia,Genus,Arthropoda,Copepoda,Calanoida,Acartiidae,Acartia,,,1972,,2005,,1995,,,2017,,2016,,,
,,,,,,,,Acartiella copepodid,,,,Acartiella sp. copepodid,Acartiella sp. copepodid,,,,,,Juvenile,Acartiella,Genus,Arthropoda,Copepoda,Calanoida,Acartiidae,Acartiella,,1993,,,,,2006,,,,,,,,
,ACARTELA,,,ACARTELA,,ACARTELA,,Acartiella,Acartiella,,,Acartiella sinensis adult,Acartiella sinensis adult,,,Acartiella_sinensis_adult,,,Adult,Acartiella sinensis,Species,Arthropoda,Copepoda,Calanoida,Acartiidae,Acartiella,Acartiella sinensis,1993,1994,,2005,,1995,,,2017,,2016,,,
,ASINEJUV,,,ASINEJUV,,ASINEJUV,,,Acartiella copepodid,,,,,,,Acartiella_sinensis_copepodid,,,Juvenile,Acartiella sinensis,Species,Arthropoda,Copepoda,Calanoida,Acartiidae,Acartiella,Acartiella sinensis,1993,2006,,2006,,,,,2017,,2016,,,
,,,,,,,,,,,,Actinopterygii undifferentiated,Actinopterygii undifferentiated,,,,,,Undifferentiated,Actinopterygii,Class,Chordata,Actinopterygii,,,,,,,,,,,,,,,,,,
,,A_macropsis,Alienacanthomysis macropsis,,Alienacanthomysis macropsis,,Alienacanthomysis_macropsis,,,Alienacanthomysis macropsis,,,,,,,Alienacanthomysis_macropsis,,Adult,Alienacanthomysis macropsis,Species,Arthropoda,Malacostraca,Mysida,Mysidae,Alienacanthomysis,Alienacanthomysis macropsis,,1994,,2007,,,,,2017,,2016,,,
,,,,,,,,,,,,Alona sp. undifferentiated,Alona sp. undifferentiated,,Alona NA Adult,Alona_spp,,Alona sp. N,Adult,Alona,Genus,Arthropoda,Branchiopoda,Cladocera,Chydoridae,Alona,,,,,,,,,,2017,,,,2017,
,,,,,,,,,,,,Alonella sp. undifferentiated,Alonella sp. undifferentiated,,Alonella NA Adult,,,Alonella sp. N,Adult,Alonella,Genus,Arthropoda,Branchiopoda,Cladocera,Chydoridae,Alonella,,,,,,,,,,,,,,2017,
,,,,,,,,,,American Shad,,,,,,,,,Juvenile,Alosa sapidissima,Species,Chordata,Actinopterygii,,Clupeidae,Alosa,Alosa sapidissima,,,,,,,,,,,2016,,,
,,,,,,,,,,,,Americophium sp. undifferentiated,Americophium sp. undifferentiated,,,,Americorophium_spp,Americorophium sp. N,Adult,Americorophium,Genus,Arthropoda,Malacostraca,Amphipoda,Corophiidae,Americorophium,,,,,,,,,,2017,,,,2017,
,,A_spinicorne,Americorophium spinicorne,,Americorophium spinicorne,,Americorophium_spinicorne,,Americorophium spinicorne,Americorophium spinicorne,,,,,,,Americorophium_spinicorne,,Adult,Americorophium spinicorne,Species,Arthropoda,Malacostraca,Amphipoda,Corophiidae,Americorophium,Americorophium spinicorne,,2014,,2013,,,,,2017,,2016,,,
,,A_stimpsoni,Americorophium stimpsoni,,Americorophium stimpsoni,,Americorophium_stimpsoni,,Americorophium stimpsoni,Americorophium stimpsoni,,,,,,,Americorophium_stimpsoni,,Adult,Americorophium stimpsoni,Species,Arthropoda,Malacostraca,Amphipoda,Corophiidae,Americorophium,Americorophium stimpsoni,,2014,,2013,,,,,2017,,2016,,,
,,A_abdita,Ampelisca abdita,,Ampelisca abdita,,Ampelisca_abdita,,,,,,,,,,Ampelisca_abdita,,Adult,Ampelisca abdita,Species,Arthropoda,Malacostraca,Amphipoda,Ampeliscidae,Ampelisca,Ampelisca abdita,1954,2014,,2013,,,,,2017,,,,,
,,,,,,,,,Amphipod juvenile,,,,,,,,,,Juvenile,Amphipoda,Order,Arthropoda,Malacostraca,Amphipoda,,,,,,,,,,,,,,2016,,,
,,Ampithoe_sp,Ampithoe sp,,,,,,,Ampithoe,,,,,,,Ampithoe_spp,,Adult,Ampithoe,Genus,Arthropoda,Malacostraca,Amphipoda,Ampithoidae,Ampithoe,,1941,2014,,,,,,,2017,,2016,,,
,,,,,,,,,,,,,,,,,Ampithoe_valida,,Adult,Ampithoe valida,Species,Arthropoda,Malacostraca,Amphipoda,Ampithoidae,Ampithoe,Ampithoe valida,,,,,,,,,2017,,,,,
,,,,,,,,,,,,Anchistropus sp. undifferentiated,Anchistropus sp. undifferentiated,,Anchistropus NA Adult,,,,Undifferentiated,Anchistropus,Genus,Arthropoda,Branchiopoda,Diplostraca,Chydoridae,Anchistropus,,,,,,,,,,,,,,,
,,,,,,,,,,Animal material UNID,,,,Other,Other,,,,Undifferentiated,Animalia,,Animalia,,,,,,,,,,,,,,,,2016,,,
,,,,,,,,,Worm UNID,Worm UNID,,,,,,,,,Adult,Annelida,Phylum,Annelida,,,,,,,,,,,,,,,,2016,,,
,,,,,,,,Annelid worms,,,,,,,,,,,Adult,Annelida,Phylum,Annelida,,,,,,,,,,,1995,2005,,,,,,,
,,,,,,,,,,,,Annelida undifferentiated,Annelida undifferentiated,,,,,,Undifferentiated,Annelida,Phylum,Annelida,,,,,,,,,,,,,,,,,,,
,,,,,,,,,,Anthuridae,,,,,,,,,Adult,Anthuridae,Family,Arthropoda,Malacostraca,Isopoda,Anthuridae,,,,,,,,,,,,,2018,,,
,,,,,,,,,,Tadpole,,,,,,,,,Larva,Anura,Order,Chordata,Amphibia,Anura,,,,,,,,,,,,,,2016,,,
,,,,,,,,,,,,,,,Anuraeopsis NA Adult,,,,Adult,Anuraeopsis,Genus,Rotifera,Eurotatoria,Ploima,Brachionidae,Anuraeopsis,,,,,,,,,,,,,,,
,,,,,,,,,,,,Arctodiaptomus dorsalis adult,Arctodiaptomus dorsalis adult,,Arctodiaptomus dorsalis Adult,,,Arctodiaptomus dorsalis N,Adult,Arctodiaptomus dorsalis,Species,Arthropoda,Copepoda,Calanoida,Diaptomidae,Arctodiaptomus,Arctodiaptomus dorsalis,,1972,,2005,,,,,,,2016,,2017,
,,,,,,,,,,,,Arthropoda nauplius,Arthropoda nauplius,,,,,,Larva,Arthropoda,Phylum,Arthropoda,,,,,,,,,,,,,,,,,,,
,,,,,,,,,,,,,,,Ascomorpha NA Adult,,,,Adult,Ascomorpha,Genus,Rotifera,Eurotatoria,Ploima,Gastropodidae,Ascomorpha,,,,,,,,,,,,,,,
ASPLANCH,ASPLANCH,,,ASPLANCH,,ASPLANCH,,Asplanchna,Asplanchna,,,,,,Asplanchna NA Adult,Asplanchna_spp,,Asplanchna sp. N,Adult,Asplanchna,Genus,Rotifera,Eurotatoria,Ploima,Asplanchnidae,Asplanchna,,,1972,,2005,,1995,,,2017,,2016,,2017,
,,,,,,,,,,,,,,,,,,Asplanchna priodonta N,Adult,Asplanchna priodonta,Species,Rotifera,Eurotatoria,Ploima,Asplanchnidae,Asplanchna,Asplanchna priodonta,,,,,,,,,,,,,2017,
,,,,,,,,,Topsmelt,Topsmelt,,,,,,,,,Juvenile,Atherinopsis affinis,Species,Chordata,Actinopterygii,,Atherinopsidae,Atherinopsidae,Atherinopsis affinis,,,,,,,,,,,2016,,,
,,,,,,,,,,Jacksmelt,,,,,,,,,Juvenile,Atherinopsis californiensis,Species,Chordata,Actinopterygii,,Atherinopsidae,Atherinopsis,Atherinopsis californiensis,,,,,,,,,,,2016,,,
,,,,,,,,,,,,,,,Bdelloid NA Adult,,,Bdelloidea N,Adult,Bdelloidea,Class,Rotifera,Bdelloidea,,,,,,,,,,,,,,,,,2017,
,,,,,,,,,Clam Juvenile,Clam Juvenile,,Bivalvia larva,Bivalvia larva,,,,,,Juvenile,Bivalvia,Class,Mollusca,Bivalvia,,,,,,,,,,,,,,,2016,,,
,,,,,,,,,Mussel UNID,,,,,,,,,,Undifferentiated,Bivalvia,Class,Mollusca,Bivalvia,,,,,,,,,,,,,,,2018,,,
,,,,,,,,,,Blackfordia,,,,,,,,,Adult,Blackfordia,Genus,Cnidaria,Hydrozoa,Leptothecata,Blackfordiidae,Blackfordia,,,,,,,,,,,,2022,,,
,BOSMINA,,,BOSMINA,,BOSMINA,,Bosmina,Bosmina,,,Bosmina longirostris undifferentiated,Bosmina longirostris undifferentiated,,Bosmina NA Adult,Bosmina_longirostris,,Bosmina longirostris N,Adult,Bosmina longirostris,Species,Arthropoda,Branchiopoda,Cladocera,Bosminidae,Bosmina,Bosmina longirostris,,1972,,2005,,1995,,,2017,,2016,,2017,
,,,,,,,,,Brachionus,,,,,,Brachionus NA Adult,Brachionus_spp,,Brachionus sp. N,Adult,Brachionus,Genus,Rotifera,Eurotatoria,Ploima,Brachionidae,Brachionus,,,,,,,,,,2017,,2016,,2017,
,,,,,,,,,,,,,,,,,,Brachionus angularis N,Adult,Brachionus angularis,Species,Rotifera,Eurotatoria,Ploima,Brachionidae,Brachionus,Brachionus angularis,,,,,,,,,2017,,2016,,2017,
,,,,,,,,,,,,,,,,,,Brachionus bidentata N,Adult,Brachionus bidentata,Species,Rotifera,Eurotatoria,Ploima,Brachionidae,Brachionus,Brachionus bidentata,,,,,,,,,2017,,2016,,2017,
,,,,,,,,,,,,,,,,,,Brachionus calyciflorus N,Adult,Brachionus calyciflorus,Species,Rotifera,Eurotatoria,Ploima,Brachionidae,Brachionus,Brachionus calyciflorus,,,,,,,,,2017,,2016,,2017,
,,,,,,,,,,,,,,,,,,Brachionus caudatus N,Adult,Brachionus caudatus,Species,Rotifera,Eurotatoria,Ploima,Brachionidae,Brachionus,Brachionus caudatus,,,,,,,,,2017,,2016,,2017,
,,,,,,,,,,,,,,,,,,Brachionus havanaensis N,Adult,Brachionus havanaensis,Species,Rotifera,Eurotatoria,Ploima,Brachionidae,Brachionus,Brachionus havanaensis,,,,,,,,,2017,,2016,,2017,
,,,,,,,,,,,,,,,,,,Brachionus quadridentatus N,Adult,Brachionus quadridentatus,Species,Rotifera,Eurotatoria,Ploima,Brachionidae,Brachionus,Brachionus quadridentatus,,,,,,,,,2017,,2016,,2017,
,,,,,,,,,,,,,,,,,,Brachionus urceolaris N,Adult,Brachionus urceolaris,Species,Rotifera,Eurotatoria,Ploima,Brachionidae,Brachionus,Brachionus urceolaris,,,,,,,,,2017,,2016,,2017,
,,,,,,,,,,,,,,,,,,Brachionus variabilis N,Adult,Brachionus variabilis,Species,Rotifera,Eurotatoria,Ploima,Brachionidae,Brachionus,Brachionus variabilis,,,,,,,,,2017,,2016,,2017,
,,,,,,,,,,Bryozoa unid,,,,,Bryozoan NA NA,,,,Adult,Bryozoa,Phylum,Bryozoa,,,,,,,,,,,,,,,,2018,,,
,,,,,,,,,,Caecidotea,,,,,,,,,Adult,Caecidotea,Genus,Arthropoda,Malacostraca,Isopoda,Asellidae,Caecidotea,,,,,,,,,,,,2016,,,
,CALJUV,,,,,,,Calanoid copepodid,Calanoid copepodid,,,,,,,,,Calanoida - copepodites N,Juvenile,Calanoida,Order,Arthropoda,Copepoda,Calanoida,,,,,1972,1988,,,1995,,,,,2016,,2017,
,OTHCALAD,,,OTHCALAD,,OTHCALAD,,Other calanoid,,,,,,,,,,,Adult,Calanoida,Order,Arthropoda,Copepoda,Calanoida,,,,,1972,,2005,,1995,,,,,,,,
,OTHCALJUV,,,OTHCALJUV,,OTHCALJUV,,,,,,Calanoida copepodid,Calanoida copepodid,,Calanoid NA Copepodid,Calanoid_UNID_copepodid,,,Juvenile,Calanoida,Order,Arthropoda,Copepoda,Calanoida,,,,,1989,,2005,,,,,2017,,,,,
,,,,,,,,,,,,,,,Calopterygidae NA NA,,,,Larva,Calopterygidae,Family,Arthropoda,Insecta,Odonata,Calopterygidae,,,,,,,,,,,,,,,,
,,,,,,,,,,,,Camptocercus sp. undifferentiated,Camptocercus sp. undifferentiated,,Camptocercus NA Adult,Camptocercus_spp,,Camptocercus sp. N,Undifferentiated,Camptocercus,Genus,Arthropoda,Branchiopoda,Diplostraca,Eurycercidae,Camptocercus,,,,,,,,,,2017,,,,2017,
,,,,,,,,,,Cantharidae adult,,,,,,,,,Adult,Cantharidae,Family,Arthropoda,Insecta,Coleoptera,Cantharidae,,,,,,,,,,,,,2018,,,
,,Caprelidae_sp,Caprelidae sp,,,,,,,,,,,,,,,,Adult,Caprellidae,Family,Arthropoda,Malacostraca,Amphipoda,Caprellidae,,,,2014,,,,,,,,,,,,
,,,,,,,,,,Carabidae adult,,,,,,,,,Adult,Carabidae,Family,Arthropoda,Insecta,Coleoptera,Carabidae,,,,,,,,,,,,,2018,,,
,,,,,,,,,Goldfish,,,,,,,,,,Juvenile,Carassius auratus,Species,Chordata,Actinopterygii,Cypriniformes,Cyprinidae,Carassius,Carassius auratus,,,,,,,,,,,2016,,,
,,,,,,,,,,,,,,,,,,Caudatella heterocaudata N,Larva,Caudatella heterocaudata,Species,Arthropoda,Insecta,Ephemeroptera,Ephemerellidae,Caudatella,Caudatella heterocaudata,,,,,,,,,,,2016,,2017,
,,,,,,,,,,Black Bass (unknown species),,,,,,,,,Juvenile,Centrarchidae,Family,Chordata,Actinopterygii,Perciformes,Centrarchidae,,,,,,,,,,,,,2016,,,
,,,,,,,,,Centrarchidae UNID,Centrarchidae UNID,,,,,,,,,Larva,Centrarchidae,Family,Chordata,Actinopterygii,Perciformes,Centrarchidae,,,,,,,,,,,,,2018,,,
,,,,,,,,,,,,,,,Cephalodella NA Adult,,,Cephalodella sp. N,Adult,Cephalodella,Genus,Rotifera,Eurotatoria,Ploima,Notommatidae,Cephalodella,,,,,,,,,,2019,,2016,,2017,
,,,,,,,,Ceriodaphnia,Ceriodaphnia,,,,,,Ceriodaphnia NA Adult,,,Ceriodaphnia sp. N,Adult,Ceriodaphnia,Genus,Arthropoda,Branchiopoda,Cladocera,Daphniidae,Ceriodaphnia,,,,,,,1995,,,,,2016,,2017,
,,,,,,,,,,,,Ceriodaphnia sp. undifferentiated,Ceriodaphnia sp. undifferentiated,,,,,Ceriodaphnia sp. Y,Juvenile,Ceriodaphnia,Genus,Arthropoda,Branchiopoda,Cladocera,Daphniidae,Ceriodaphnia,,,,,,,1995,,,,,2016,,2017,
,,,,,,,,,,,,,,,,,,Ceriodaphnia lacustris N,Adult,Ceriodaphnia lacustris,Species,Arthropoda,Branchiopoda,Cladocera,Daphniidae,Ceriodaphnia,Ceriodaphnia lacustris,,,,,,,,,,,,,2017,
,,,,,,,,,,Arrow worm,,,,,,,,,Adult,Chaetognatha,Phylum,Chaetognatha,,,,,,,,,,,,,,,,2018,,,
,,,,,,,,,,Fish Eggs,,Actinopterygii eggs,Actinopterygii eggs,,,,,,Egg,Chordata,Phylum,Chordata,,,,,,,,,,,,,,,,2016,,,
,,,,,,,,,Fish UNID,Fish UNID,,,,,,,,,Juvenile,Chordata,Phylum,Chordata,,,,,,,,,,,,,,,,2018,,,
,,,,,,,,,,Chrysomelidae adult,,,,,,,,,Adult,Chrysomelidae,Family,Arthropoda,Insecta,Coleoptera,Chrysomelidae,,,,,,,,,,,,,2016,,,
,,,,,,,,,,,,,,,,,,Chydoridae Y,Juvenile,Chydoridae,Family,Arthropoda,Branchiopoda,Cladocera,Chydoridae,,,,,,,,,,,2017,,2016,,2017,
,,,,,,,,,,,,Chydorus sp. undifferentiated,Chydorus sp. undifferentiated,,Chydorus NA Adult,Chydorus_spp,,,Adult,Chydorus,Genus,Arthropoda,Branchiopoda,Cladocera,Chydoridae,Chydorus,,,,,,,,,,2017,,,,,
,,,,,,,,,,,,,,,,,,Chydorus sphaericus N,Adult,Chydorus sphaericus,Species,Arthropoda,Branchiopoda,Cladocera,Chydoridae,Chydorus,Chydorus sphaericus,,,,,,,,,2017,,,,2017,
,,,,,,,,,,Cicadellidae,,,,,,,,,Adult,Cicadellidae,Family,Arthropoda,Insecta,Hemiptera,Cicadellidae,,,,,,,,,,,,,2016,,,
BARNNAUP,BARNNAUP,,,BARNNAUP,,BARNNAUP,,Barnacle nauplii,Barnacle Nauplii,Barnacle Nauplii,,Cirripedia nauplius,Cirripedia nauplius,,,Barnacle_UNID_nauplii,,,Larva,Cirripedia,Class,Arthropoda,Cirripedia,,,,,,1972,,2005,,1995,,,2017,,2016,,,
,,,,,,,,,,Barnacle adult,,,,,,,,,Adult,Cirripedia,Class,Arthropoda,Cirripedia,,,,,,1972,,2005,,1995,,,2017,,2016,,,
,,,,,,,,,Barnacle cyprid,,,,,,,,,,Larva,Cirripedia,Class,Arthropoda,Cirripedia,,,,,,,,,,,,,,,2018,,,
,OTHCLADO,,,OTHCLADO,,OTHCLADO,,Other cladocera,,,,,,,,,,,Adult,Cladocera,Order,Arthropoda,Branchiopoda,Cladocera,,,,,1972,,2005,,1995,,,,,,,,
,,,,,,,,UnID cladocera,Cladocera UNID,Cladocera UNID,,,,,,,,,Adult,Cladocera,Order,Arthropoda,Branchiopoda,Cladocera,,,,,,,,,2006,,,,,2016,,,
,,,,,,,,,,,,Cladocera nauplius,Cladocera nauplius,,,,,,Larva,Cladocera,Order,Arthropoda,Branchiopoda,Cladocera,,,,,,,,,,,,,,,,,
,,,,,,,,,,Arrow Goby,,,,,,,,,Juvenile,Clevelandia ios,Species,Chordata,Actinopterygii,,Gobiidae,Clevelandia,Clevelandia ios,,,,,,,,,,,2016,,,
,,,,,,,,,,,,,,,Clitellata NA NA,,,,Adult,Clitellata,Class,Annelida,Clitellata,,,,,,,,,,,,,,,,,,
,,,,,,,,,,Pacific Herring,,,,,,,,,Juvenile,Clupea pallasi,Species,Chordata,Actinopterygii,,Clupeidae,Clupea,Clupea pallasi,,,,,,,,,,,2016,,,
,,,,,,,,,,Cnidaria Other,,,,,,,,,Undifferentiated,Cnidaria,Phylum,Cnidaria,,,,,,,,,,,,,,,,2016,,,
,,,,,,,,,Jellyfish UNID,Jellyfish UNID,,,,,,,,,Undifferentiated,Cnidaria,Phylum,Cnidaria,,,,,,,,,,,,,,,,2016,,,
,,,,,,,,,Coccidae adult,Coccidae adult,,,,,,,,,Adult,Coccidae,Family,Arthropoda,Hexapoda,Hemiptera,Coccidae,,,,,,,,,,,,,2018,,,
,,,,,,,,,,Coccinellidae adult,,,,,,,,,Adult,Coccinellidae,Family,Arthropoda,Insecta,Coleoptera,Coccinellidae,,,,,,,,,,,,,2016,,,
,,,,,,,,,,,,,,,Collotheca NA Adult,,,Collotheca sp. N,Adult,Collotheca,Genus,Rotifera,Eurotatoria,Collothecacea,Collothecidae,Collotheca,,,,,,,,,,,,,,2017,
,,,,,,,,,,,,,,,Colurella NA Adult,,,,Adult,Colurella,Genus,Rotifera,Eurotatoria,Ploima,Colurella,,,,,,,,,,,,,,,,
,,,,,,,,,,,,,,,Conochilus NA Adult,,,Conochiloides sp. N,Adult,Conochiloides,Genus,Rotifera,Eurotatoria,Flosculariaceae,Conochilidae,Conochiloides,,,,,,,,,,,,,,2017,
,,,,,,,,,Conochilus,,,,,,,Conochilus_spp,,Conochilus unicornis N,Adult,Conochilus,Genus,Rotifera,Eurotatoria,Flosculariaceae,Conochilidae,Conochilus,,,,,,,,,,2017,,2016,,2017,
OTHCOPNAUP,OTHCOPNAUP,,,OTHCOPNAUP,,OTHCOPNAUP,,,Copepod Nauplii,,,,,,,,,,Larva,Copepoda,Class,Arthropoda,Copepoda,,,,,,1989,,2005,,,,,,,2016,,,
,,,,,,,,,Copepod juvenile UNID,Copepod juvenile UNID,,,,,,,,,Juvenile,Copepoda,Class,Arthropoda,Copepoda,,,,,,,,,,,,,,,2018,,,
,,,,,,,,,Copepod adult UNID,,,,,,,,,,Adult,Copepoda,Class,Arthropoda,Copepoda,,,,,,,,,,,,,,,2018,,,
,,Unidentified_Corophium,Unidentified Corophium,,Unidentified Corophium,,Unidentified_Corophium,,Corophiid UNID,Corophiid UNID,,,,,Corophium NA NA,,Corophiidae_UNID,,Adult,Corophiidae,Family,Arthropoda,Malacostraca,Amphipoda,Corophiidae,,,,2014,,2013,,,,,2017,,2016,,,
,,,,CUMAC,,CUMAC,,Cumaceans,Cumaceans,Cumaceans,,Cumacea undifferentiated,Cumacea undifferentiated,,,,Cumacean_UNID,,Undifferentiated,Cumacea,Order,Arthropoda,Malacostraca,Cumacea,,,,,,,2005,,1995,2006,,2018,,2016,,,
,,,,,,,,,,,,,,,,,,Cyclopidae N,Adult,Cyclopidae,Family,Arthropoda,Copepoda,Cyclopoida,Cyclopidae,,,,,,,,,,,,,,,2017,
OTHCYCADPUMP,,,,,,,,,,,,,,,,,,,Adult,Cyclopoida,Order,Arthropoda,Copepoda,Cyclopoida,,,,,1975,,,,,,,,,2016,,,
CYCJUV,CYCJUV,,,,,,,Cyclopoid copepodid,Cyclopoid copepodid,,,Cyclopoida copepodid,Cyclopoida copepodid,,Cyclopoid NA Copepodid,Cyclopoid_UNID_copepodid,,Cyclopoida - copepodites N,Juvenile,Cyclopoida,Order,Arthropoda,Copepoda,Cyclopoida,,,,,1972,1994,,,1995,,,2017,,2016,,2017,
OTHCYCJUV,OTHCYCJUV,,,OTHCYCJUV,,OTHCYCJUV,,,,,,,,,,,,,Juvenile,Cyclopoida,Order,Arthropoda,Copepoda,Cyclopoida,,,,,1995,,2005,,,,,,,,,,
,,,,,,,,UnID cyclopoid,,,,,,,,Cyclopoid_UNID_adult,,,Adult,Cyclopoida,Order,Arthropoda,Copepoda,Cyclopoida,,,,,,,,,1995,,,2017,,,,,
,,,,,,,,,,,,,,Cyclopodia,Cyclopodia,,,,Undifferentiated,Cyclopoida,Order,Arthropoda,Copepoda,Cyclopoida,,,,,,,,,,,,,,,,,
,,,,,,,,,Common Carp,Common Carp,,,,,,,,,Juvenile,Cyprinus carpio,Species,Chordata,Actinopterygii,,Cyprinidae,Cyprinus,Cyprinus carpio,,,,,,,,,,,2016,,,
,DAPHNIA,,,DAPHNIA,,DAPHNIA,,Daphnia,Daphnia,,,Daphnia sp. undifferentiated,Daphnia sp. undifferentiated,,Daphnia NA Adult,Daphnia_spp,,Daphnia sp. N,Adult,Daphnia,Genus,Arthropoda,Branchiopoda,Cladocera,Daphniidae,Daphnia,,1972,1972,,2005,,1995,,,,,2016,,2017,
,,,,,,,,,,,,Daphnia sp. juvenile,Daphnia sp. juvenile,,Daphnia NA Copepodid,,,Daphnia sp. Y,Juvenile,Daphnia,Genus,Arthropoda,Branchiopoda,Cladocera,Daphniidae,Daphnia,,,,,,,,,,,,,,2017,
,,,,,,,,,,,,,,,,,,Daphnia ambigua N,Adult,Daphnia ambigua,Species,Arthropoda,Branchiopoda,Cladocera,Daphniidae,Daphnia,Daphnia ambigua,,,,,,,,,,,,,2017,
,,,,,,,,,,,,,,,,,,Daphnia galeata mendotae N,Adult,Daphnia galeata mendotae,Species,Arthropoda,Branchiopoda,Cladocera,Daphniidae,Daphnia,Daphnia galeata mendotae,,,,,,,,,,,,,2017,
,,,,,,,,,,,,,,,,,,Daphnia magna N,Adult,Daphnia magna,Species,Arthropoda,Branchiopoda,Cladocera,Daphniidae,Daphnia,Daphnia magna,,,,,,,,,,,,,2017,
,,,,,,,,,,,,,,,,,,Daphnia middendorffiana N,Adult,Daphnia middendorffiana,Species,Arthropoda,Branchiopoda,Cladocera,Daphniidae,Daphnia,Daphnia middendorffiana,,,,,,,,,,,,,2017,
,,,,,,,,,,,,,,,,,,Daphnia pulex N,Adult,Daphnia pulex,Species,Arthropoda,Branchiopoda,Cladocera,Daphniidae,Daphnia,Daphnia pulex,,,,,,,,,,,,,2017,
,,,,,,,,,,,,,,,,,,Daphnia similis N,Adult,Daphnia similis,Species,Arthropoda,Branchiopoda,Cladocera,Daphniidae,Daphnia,Daphnia similis,,,,,,,,,,,,,2017,
,CRABZOEA,,,CRABZOEA,,CRABZOEA,,Crab zoea,Crab zoea,Crab zoea,,,,,,Crab_UNID_zoea,,,Larva,Decapoda,Order,Arthropoda,Malacostraca,Decapoda,,,,,1976,,2005,,1995,,,2017,,2016,,,
,,,,,,,,,Decapod larvae unid,Decapod larvae unid,,,,,,,,,Larva,Decapoda,Order,Arthropoda,Malacostraca,Decapoda,,,,,,,,,,,,,,2018,,,
,,,,,,,,,,,,,,,,,Shrimp_UNID_larvae,,Larva,Decapoda,Order,Arthropoda,Malacostraca,Decapoda,,,,,,,,,,,,2018,,,,,
,,,,,,,,,,,,Crustacea undifferentiated,Crustacea undifferentiated,,,,,,Undifferentiated,Decapoda,Order,Arthropoda,Malacostraca,Decapoda,,,,,,,,,,,,,,,,,
,,,,,,,,,,Delphacidae,,,,,,,,,Adult,Delphacidae,Family,Arthropoda,Insecta,Hemiptera,Delphacidae,,,,,,,,,,,,,2018,,,
,,D_holmquistae,Deltamysis holmquistae,,Deltamysis holmquistae,,Deltamysis_holmquistae,,,Deltamysis homquistae,,,,,,,Deltamysis_holmquistae,,Adult,Deltamysis holmquistae,Species,Arthropoda,Malacostraca,Mysida,Mysidae,Deltamysis,Deltamysis holmquistae,1977,1979,,2007,,,,,2017,,2016,,,
,,,,,,,,,,,,,,,,,Dexaminidae_UNID,,Adult,Dexaminidae,Family,Arthropoda,Malacostraca,Amphipoda,Dexaminidae,,,,,,,,,,,2017,,,,,
,,,,,,,,,,,,Diacyclops sp. adult,Diacyclops sp. adult,,Diacyclops thomasi NA,,,,Adult,Diacyclops,Genus,Arthropoda,Copepoda,Cyclopoida,Cyclopodidae,Diacyclops,,,,,,,,,,,,,,,
,,,,,,,,,Diacyclops,,,Diacyclops thomasi adult,Diacyclops thomasi adult,,Diacyclops thomasi Adult,,,Diacyclops thomasi N,Adult,Diacyclops thomasi,Species,Arthropoda,Copepoda,Cyclopoida,Cyclopodidae,Diacyclops,Diacyclops thomasi,,,,,,,,,,,2016,,2017,
,DIAPHAN,,,DIAPHAN,,DIAPHAN,,Diaphanosoma,Diaphanosoma,,,,,,Diaphanosoma NA Adult,,,Diaphanosoma sp. N,Adult,Diaphanosoma,Genus,Arthropoda,Branchiopoda,Cladocera,Sididae,Diaphanosoma,,,1972,,2005,,1995,,,,,2016,,2017,
,,,,,,,,,,,,Diaphanosoma sp. undifferentiated,Diaphanosoma sp. undifferentiated,,,,,,Undifferentiated,Diaphanosoma,Genus,Arthropoda,Branchiopoda,Cladocera,Sididae,Diaphanosoma,,,,,,,,,,,,,,,
,DIAPTOM,,,DIAPTOM,,DIAPTOM,,,Diaptomidae,,,,,,,Diaptomidae_UNID_adult,,Diaptomidae N,Adult,Diaptomidae,Family,Arthropoda,Copepoda,Calanoida,Diaptomidae,,,,1972,,2005,,,,,,,2016,,2017,
,DIAPTJUV,,,DIAPTJUV,,DIAPTJUV,,,Diaptomidae copepodid,,,,,,,Diaptomidae_UNID_copepodid,,,Juvenile,Diaptomidae,Family,Arthropoda,Copepoda,Calanoida,Diaptomidae,,,,2006,,2006,,,,,,,2016,,,
,,,,,,,,Diaptomus spp_,,,,Diaptomus sp. adult,Diaptomus sp. adult,,,,,,Adult,Diaptomus,Genus,Arthropoda,Copepoda,Calanoida,Diaptomidae,Diaptomus,,,,,,,1995,,,2017,,,,,
,,,,,,,,Diaptomus copepodid,,,,Diaptomus sp. copepodid,Diaptomus sp. copepodid,,,,,,Juvenile,Diaptomus,Genus,Arthropoda,Copepoda,Calanoida,Diaptomidae,Diaptomus,,,,,,,2006,,,2017,,,,,
,,,,,,,,,,,,Diaptomus dorsalis adult,Diaptomus dorsalis adult,,,,,,Adult,Diaptomus dorsalis,Species,Arthropoda,Copepoda,Calanoida,Diaptomidae,Diaptomus,Diaptomus dorsalis,,,,,,,,,,,,,,
,,,,,,,,,,,,Diaptomus siciloides adult,Diaptomus siciloides adult,,,,,,Adult,Diaptomus siciloides,Species,Arthropoda,Copepoda,Calanoida,Diaptomidae,Diaptomus,Diaptomus siciloides,,,,,,,,,,,,,,
,,,,,,,,,,,,Disparalona sp. undifferentiated,Disparalona sp. undifferentiated,,Disparalona NA Adult,,,,Adult,Disparalona,Genus,Arthropoda,Branchiopoda,Cladocera,Chydoridae,Disparalona,,,,,,,,,,,,,,,
,,,,,,,,,,,,,,,,Ditrichocorycaeus_affinis_adult,,,Adult,Ditrichocorycaeus affinis,Species,Arthropoda,Copepoda,Cyclopoida,Corycaeidae,Ditrichocorycaeus,Ditrichocorycaeus affinis,,,,,,,,,2017,,,,,
,,,,,,,,,Threadfin Shad,Threadfin Shad,,,,,,,,,Juvenile,Dorosoma petenense,Species,Chordata,Actinopterygii,,Clupeidae,Dorosoma,Dorosoma petenense,,,,,,,,,,,2016,,,
,,,,,,,,,Northern Anchovy,Northern Anchovy,,,,,,,,,Juvenile,Engraulis mordax,Species,Chordata,Actinopterygii,,Engraulidae,Engraulis,Engraulis mordax,,,,,,,,,,,2016,,,
,,,,,,,,,Eogammarus,Eogammarus,,,,,,,Eogammarus_spp,,Adult,Eogammarus,Genus,Arthropoda,Malacostraca,Amphipoda,Anisogammaridae,Eogammarus,,,,,,,,,,2019,,2016,,,
,,,,,,,,,Ephemeroptera larvae UNID,Ephemeroptera larvae UNID,,,,,Ephemeroptera NA NA,,,,Larva,Ephemeroptera,Order,Arthropoda,Insecta,Ephemeroptera,,,,,,,,,,,,,,2016,,,
,,,,,,,,,,,,Ergasilus sp. adult,Ergasilus sp. adult,,,,,,Adult,Ergasilus,Genus,Arthropoda,Copepoda,Cyclopoida,Cyclopidae,Ergasilus,,,,,,,,,,,,,,,
,,,,,,,,,,,,Ergasilus sp. copepodid,Ergasilus sp. copepodid,,,,,,Juvenile,Ergasilus,Genus,Arthropoda,Copepoda,Cyclopoida,Cyclopidae,Ergasilus,,,,,,,,,,,,,,,
,,,,,,,,,,,,,,,Euchlanis NA Adult,,,Euchlanis sp. N,Adult,Euchlanis,Genus,Rotifera,Eurotatoria,Ploima,Euchlanidae,Euchlanis,,,,,,,,,,,,,,2017,
,,,,,,,,,Eucyclops,,,Eucyclops sp. adult,Eucyclops sp. adult,,Eucyclops NA Adult,,,Eucyclops sp. N,Adult,Eucyclops,Genus,Arthropoda,Copepoda,Cyclopoida,Cyclopidae,Eucyclops,,,,,,,,,,,,2016,,2017,
,,,,,,,,,,,,Eucyclops agilis adult,Eucyclops agilis adult,,,,,Eucyclops agilis N,Adult,Eucyclops agilis,Species,Arthropoda,Copepoda,Cyclopoida,Cyclopidae,Eucyclops,Eucyclops agilis,,,,,,,,,,,,,2017,
,,,,,,,,,,,,Eucyclops elegans adult,Eucyclops elegans adult,,Eucyclops elegans Adult,,,Eucyclops elegans N,Adult,Eucyclops elegans,Species,Arthropoda,Copepoda,Cyclopoida,Cyclopidae,Eucyclops,Eucyclops elegans,,,,,,,,,,,,,2017,
,,,,,,,,,,,,Eucyclops pectinifer adult,Eucyclops pectinifer adult,,Eucyclops pectinifer Adult,,,,Adult,Eucyclops pectinifer,Species,Arthropoda,Copepoda,Cyclopoida,Cyclopidae,Eucyclops,Eucyclops pectinifer,,,,,,,,,,,,,,
,,,,,,,,,,,,Eucyclops prionophorus adult,Eucyclops prionophorus adult,,Eucyclops prionophorus Adult,,,Eucyclops prionophorus N,Adult,Eucyclops prionophorus,Species,Arthropoda,Copepoda,Cyclopoida,Cyclopidae,Eucyclops,Eucyclops prionophorus,,,,,,,,,,,,,2017,
,,,,,,,,,,,,Eurycercus sp. undifferentiated,Eurycercus sp. undifferentiated,,Eurycercus NA Adult,,,Eurycercus sp. N,Adult,Eurycercus,Genus,Arthropoda,Branchiopoda,Cladocera,Chydoridae,Eurycercus,,,,,,,,,,,,,,2017,
,,,,,,,,,,,,,,,,,,Eurycercus longirostris N,Adult,Eurycercus longirostris,Species,Arthropoda,Branchiopoda,Cladocera,Chydoridae,Eurycercus,Eurycercus longirostris,,,,,,,,,,,,,2017,
,,,,,,,,Eurytemora nauplii,Eurytemora nauplii,,,,,,,Eurytemora_spp_nauplii,,,Larva,Eurytemora,Genus,Arthropoda,Copepoda,Calanoida,Temoridae,Eurytemora,,,,,,,2006,,,2017,,2016,,,
,,,,,,,,,,,,Eurytemora sp. adult,Eurytemora sp. adult,,,,,,Adult,Eurytemora,Genus,Arthropoda,Copepoda,Calanoida,Temoridae,Eurytemora,,,,,,,,,,,,,,,
,EURYTEM,,,EURYTEM,,EURYTEM,,Eurytemora spp_,Eurytemora affinis,,,Eurytemora affinis adult,Eurytemora affinis adult,,Eurytemora affinis Adult,Eurytemora_affinis_adult,,Eurytemora affinis N,Adult,Eurytemora carolleeae,Species,Arthropoda,Copepoda,Calanoida,Temoridae,Eurytemora,Eurytemora carolleeae,,1972,,2005,,1995,,,2017,,2016,,2017,
,EURYJUV,,,EURYJUV,,EURYJUV,,Eurytemora copepodid,Eurytemora copepodid,,,Eurytemora affinis copepodid,Eurytemora affinis copepodid,,,Eurytemora_affinis_copepodid,,,Juvenile,Eurytemora carolleeae,Species,Arthropoda,Copepoda,Calanoida,Temoridae,Eurytemora,Eurytemora carolleeae,,1989,,2005,,1998,,,2017,,2016,,,
EURYNAUP,EURYNAUP,,,EURYNAUP,,EURYNAUP,,,,,,,,,,,,,Larva,Eurytemora carolleeae,Species,Arthropoda,Copepoda,Calanoida,Temoridae,Eurytemora,Eurytemora carolleeae,,1989,,2005,,,,,,,,,,
,,,,,,,,,,,,,,Eurytemora affinis,Eurytemora affinis,,,,Undifferentiated,Eurytemora carolleeae,Species,Arthropoda,Copepoda,Calanoida,Temoridae,Eurytemora,Eurytemora carolleeae,,,,,,,,,,,,,,
,,,,,,,,,,Siberian Prawn,,,,,,,Exopalaemon_spp,,Adult,Exopalaemon modestus,Species,Arthropoda,Malacostraca,Decapoda,Palaemonidae,Exopalaemon,Exopalaemon modestus,,,,,,,,,2018,2020,2016,,,
,,,,,,,,,,,,,,,Filinia NA Adult,,,Filinia terminalis N,Adult,Filinia terminalis,Species,Rotifera,Eurotatoria,Flosculariaceae,Filiniidae,Filinia,Filinia terminalis,,,,,,,,,,,,,2017,
,,,,,,,,,Fluminicola,Fluminicola,,,,,,,,,Adult,Fluminicola,Genus,Mollusca,Gastopoda,Littorinimorpha,Lythoglyphidae,Fluminicola,,,,,,,,,,,,2016,,,
,,,,,,,,,,Gammaroidea,,,,,,,,,Adult,Gammaroidea,Family,Arthropoda,Malacostraca,Amphipoda,Gammaroidea,,,,,,,,,,,,,2018,,,
,,,,,,,,,,,,Gammarus sp. undifferentiated,Gammarus sp. undifferentiated,,,,,,Undifferentiated,Gammarus,Genus,Arthropoda,Malacostraca,Amphipoda,Gammaridae,Gammarus,,,,,,,,,,,,,,,
,,G_daiberi,Gammarus daiberi,,Gammarus daiberi,,Gammarus_daiberi,,,,,,,,,,Gammarus_daiberi,,Adult,Gammarus daiberi,Species,Arthropoda,Malacostraca,Amphipoda,Gammaridae,Gammarus,Gammarus daiberi,1983,2014,,2013,,,,,2017,,,,,
,,,,,,,,,Threespine Stickleback,Threespine Stickleback,,,,,,,,,Juvenile,Gasterosteus aculeatus,Species,Chordata,Actinopterygii,,Gasterosteidae,Gasterosteus,Gasterosteus aculeatus,,,,,,,,,,,2016,,,
,,,,,,,,,Snail UNID,Snail UNID,,,,,Gastropoda NA NA,,,Gastropoda N,Adult,Gastropoda,Class,Mollusca,Gastropoda,,,,,,,,,,,,,,,2016,,2017,
,,,,,,,,,Limpet,Limpet,,,,,,,,,Adult,Gastropoda,Class,Mollusca,Gastropoda,,,,,,,,,,,,,,,2018,,,
,,,,,,,,,,Slug,,,,,,,,,Adult,Gastropoda,Class,Mollusca,Gastropoda,,,,,,,,,,,,,,,2016,,,
,,,,,,,,,,Snail Eggs,,,,,,,,,Egg,Gastropoda,Class,Mollusca,Gastropoda,,,,,,,,,,,,,,,2016,,,
,,,,,,,,,,,,,,,Gastropus NA Adult,,,Gastropus sp. N,Adult,Gastropus,Genus,Rotifera,Eurotatoria,Ploima,Gastropodidae,Gastropus,,,,,,,,,,,,,,2017,
,,,,,,,,,,,,,,,,,,Gastropus stylifer N,Adult,Gastropus stylifer,Species,Rotifera,Eurotatoria,Ploima,Gastropodidae,Gastropus,Gastropus stylifer,,,,,,,,,,,,,2017,
,,,,,,,,,,Gerridae,,,,,,,,,Adult,Gerridae,Family,Arthropoda,Insecta,Hemiptera,Gerridae,,,,,,,,,,,,,2016,,,
,,,,,,,,,,Longjaw Mudsucker,,,,,,,,,Juvenile,Gillichthys mirabilis,Species,Chordata,Actinopterygii,Gobiiformes,Oxudercidae,Gillichthys,Gillichthys mirabilis,,,,,,,,,,,2022,,,
,,,,,,,,,Planaria,Planaria,,,,,,,,,Undifferentiated,Girardia tigrina,Species,Platyhelminthes,Rhabditophora,Tricladida,Dugesiidae,Girardia,Girardia tigrina,,,,,,,,,,,2016,,,
,,,,,,,,,Gnorimosphaeroma,Gnorimosphaeroma,,,,,,,,,Adult,Gnorimosphaeroma insulare,Species,Arthropoda,Malacostraca,Isopoda,Sphaeromatidae,Gnorimosphaeroma,Gnorimosphaeroma insulare,,,,,,,,,,,2016,,,
,,,,,,,,,Grandidierella,Grandidierella,,,,,,,,,Adult,Grandidierella,Genus,Arthropoda,Malacostraca,Amphipoda,Aoridae,Grandidierella,,1966,,,,,,,,,,2016,,,
,,G_japonica,Grandidierella japonica,,,,Grandidierella_japonica,,,,,,,,,,Grandidierella_japonica,,Adult,Grandidierella japonica,Species,Arthropoda,Malacostraca,Amphipoda,Aoridae,Grandidierella,Grandidierella japonica,,2017,,2019,,,,,2017,,,,,
,,,,,,,,,,,,,,,,,Grandifoxus_grandis,,Adult,Grandifoxus grandis,Species,Arthropoda,Malacostraca,Amphipoda,Phoxocephalidae,Grandifoxus,Grandifoxus grandis,,,,,,,,,2017,,,,,
,,,,,,,,,,,,Graptoleberis sp. undifferentiated,Graptoleberis sp. undifferentiated,,Graptoleberis NA Adult,,,Graptoleberis sp. N,Adult,Graptoleberis,Genus,Arthropoda,Branchiopoda,Cladocera,Chydoridae,Graptoleberis,,,,,,,,,,,,,,2017,
,,,,,,,,,,,,,,,,,,Graptoleberis testudinaria N,Adult,Graptoleberis testudinaria,Species,Arthropoda,Branchiopoda,Cladocera,Chydoridae,Graptoleberis,Graptoleberis testudinaria,,,,,,,,,,,,,2017,
,,,,,,,,,Gyraulus,Gyraulus,,,,,,,,,Adult,Gyraulus,Genus,Mollusca,Gastropoda,Hygrophila,Planorbidae,Gyraulus,,,,,,,,,,,,2016,,,
,,,,,,,,,Halicyclops,,,,,,,,,Halicyclops hurlberti N,Adult,Halicyclops,Genus,Arthropoda,Copepoda,Cyclopoida,Cyclopidae,Halicyclops,,,,,,,,,,,,2016,,2017,
HARPACT,HARPACT,,,HARPACT,,HARPACT,,Harpacticoids,Harpacticoids,Harpacticoids,,Harpacticoida undifferentiated,Harpacticoida undifferentiated,,Harpacticoida NA Adult,Harpacticoid_UNID,,Harpacticoida N,Undifferentiated,Harpacticoida,Order,Arthropoda,Copepoda,Harpacticoida,,,,,1972,,2005,,1995,,,2017,,2016,,2017,
,,,,,,,,,,Hebridae,,,,,,,,,Adult,Hebridae,Family,Arthropoda,Insecta,Hemiptera,Hebridae,,,,,,,,,,,,,2016,,,
,,,,,,,,,,Hediste limnicola,,,,,,,,,Undifferentiated,Hediste limnicola,Species,Annelida,Polychaeta,Phyllodocida,Nereididae,Hediste,Hediste limnicola,,,,,,,,,,,2016,,,
,,,,,,,,,Hymenoptera adult UNID,Hymenoptera adult UNID,,,,,,,,,Adult,Hemiptera,Order,Arthropoda,Insecta,Hemiptera,,,,,,,,,,,,,,2016,,,
,,,,,,,,,,,,Hesperodiaptomus sp. adult,Hesperodiaptomus sp. adult,,,,,,Adult,Hesperodiaptomus,Genus,Arthropoda,Copepoda,Calanoida,Diaptomidae,Hesperodiaptomus,,,,,,,,,,,,,,,
,,,,,,,,,,,,Hesperodiaptomus cf. californiensis adult,Hesperodiaptomus cf. californiensis adult,,,,,,Adult,Hesperodiaptomus californiensis,Species,Arthropoda,Copepoda,Calanoida,Diaptomidae,Hesperodiaptomus,Hesperodiaptomus californiensis,,,,,,,,,,,,,,
,,,,,,,,,,,,Hesperodiaptomus franciscanus adult,Hesperodiaptomus franciscanus adult,,Hesperodiaptomus franciscanus Adult,,,Hesperodiaptomus franciscanus N,Adult,Hesperodiaptomus franciscanus,Species,Arthropoda,Copepoda,Calanoida,Diaptomidae,Hesperodiaptomus,Hesperodiaptomus franciscanus,,,,,,,,,,,,,2017,
,,,,,,,,,,Heteroceridae adult,,,,,,,,,Adult,Heteroceridae,Family,Arthropoda,Insecta,Coleoptera,Heteroceridae,,,,,,,,,,,,,2018,,,
,,,,,,,,,,Heteroceridae larvae,,,,,,,,,Larva,Heteroceridae,Family,Arthropoda,Insecta,Coleoptera,Heteroceridae,,,,,,,,,,,,,2018,,,
,,,,,,,,,,,,,,,Hexarthra NA Adult,,,Hexarthra sp. N,Adult,Hexarthra,Genus,Rotifera,Eurotatoria,Flosculariaceae,Hexarthridae,Hexarthra,,,,,,,,,,,,,,2017,
,,,,,,,,,,,,,,,,,,Hexarthra mira N,Adult,Hexarthra mira,Species,Rotifera,Eurotatoria,Flosculariaceae,Hexarthridae,Hexarthra,Hexarthra mira,,,,,,,,,,,,,2017,
,,,,,,,,,Holopedium,,,,,,,,,,Adult,Holopedium,Genus,Arthropoda,Branchiopoda,Cladocera,Holopedidae,Holopedium,,,,,,,,,,,,2016,,,
,,,,,,,,,,,,,,,,Holopedium_gibberum,,,Adult,Holopedium gibberum,Species,Arthropoda,Branchiopoda,Cladocera,Holopedidae,Holopedium,Holopedium gibberum,,,,,,,,,2020,,,,,
,,,,,,,,,Homocyclops,,,,,,,,,,Adult,Homocyclops,Genus,Arthropoda,Copepoda,Cyclopoida,Cyclopidae,Homocyclops,,,,,,,,,,,,2016,,,
,,,,,,,,,Hydra,Hydra,,,,,Hydra NA NA,,,Hydra sp. N,Adult,Hydra,Genus,Cnidaria,Hydrozoa,Hydrida,Hydridae,Hydra,,,,,,,,,,,,2016,,2017,
,,,,,,,,,Mite,Mite,,,,,Hydrachnidia NA NA,,,Acari N,Adult,Hydrachnidia,Order,Arthropoda,Arachnida,Hydrachnidia,,,,,,,,,,,,,,2016,,2017,
,,,,,,,,,,Hydrometridae,,,,,,,,,Adult,Hydrometridae,Family,Arthropoda,Insecta,Hemiptera,Hydrometridae,,,,,,,,,,,,,2016,,,
,,,,,,,,,,Hydroscaphidae adult,,,,,,,,,Adult,Hydroscaphidae,Family,Arthropoda,Insecta,Coleoptera,Hydroscaphidae,,,,,,,,,,,,,2016,,,
,,,,,,,,,Hydrozoa,,,,,,,,,,Undifferentiated,Hydrozoa,Class,Cnidaria,Hydrozoa,,,,,,,,,,,,,,,2018,,,
,,H_longirostris,,,Hyperacanthomysis longirostris,,Hyperacanthomysis_longirostris,,Hyperacanthomysis longirostris,Hyperacanthomysis longirostris,,,,,,,,,Adult,Hyperacanthomysis longirostris,Species,Arthropoda,Malacostraca,Mysida,Mysidae,Hyperacanthomysis,Hyperacanthomysis longirostris,1993,1993,,2007,,,,,,,2016,,,
,,,Hyperacanthomysis longirostris,,,,,,,,,,,,,,Hyperacanthomysis_longirostris,,Adult,Hyperacanthomysis longirostris,Species,Arthropoda,Malacostraca,Mysida,Mysidae,Hyperacanthomysis,Hyperacanthomysis longirostris,1993,,,,,,,,2017,,,,,
,,,,,,,,,Wakasagi,Wakasagi,,,,,,,,,Juvenile,Hypomesus nipponensis,Species,Chordata,Actinopterygii,,Osmeridae,Hypomesus,Hypomesus nipponensis,,,,,,,,,,,2016,,,
,,,,,,,,,,Delta Smelt,,,,,,,,,Juvenile,Hypomesus transpacificus,Species,Chordata,Actinopterygii,,Osmeridae,Hypomesus,Hypomesus transpacificus,,,,,,,,,,,2016,,,
,,,,,,,,,Ilyocryptus,,,Ilyocryptus sp. undifferentiated,Ilyocryptus sp. undifferentiated,,Ilyocryptus NA Adult,Ilyocryptus_spp,,Ilyocryptus sp. N,Adult,Ilyocryptus,Genus,Arthropoda,Branchiopoda,Cladocera,Ilyocryptidae,Ilyocryptus,,,,,,,,,,2017,,2016,,2017,
,,,,,,,,,,Incisocalliope derzhavini,,,,,,,Incisocalliope_derzhavini,,Adult,Incisocalliope derzhavini,Species,Arthropoda,Malacostraca,Amphipoda,Pleustidae,Incisocalliope,Incisocalliope derzhavini,,,,,,,,,2017,,2018,,,
,,,,,,,,,Insect UNID,Insect UNID,,,,,,,,,Undifferentiated,Insecta,Class,Arthropoda,Insecta,,,,,,,,,,,,,,,2018,,,
,,,,,,,,,Isopod UNID,Isopod UNID,,,,,,,,,Adult,Isopoda,Order,Arthropoda,Malacostraca,Isopoda,,,,,,,,,,,,,,2016,,,
,,,,,,,,,Kellicottia,,,,,,Kellicottia NA Adult,,,,Adult,Kellicottia,Genus,Rotifera,Eurotatoria,Ploima,Brachionidae,Kellicottia,,,,,,,,,,,,2016,,,
,,,,,,,,,,,,,,,,,,Kellicottia bostonensis N,Adult,Kellicottia bostonensis,Species,Rotifera,Eurotatoria,Ploima,Brachionidae,Kellicottia,Kellicottia bostonensis,,,,,,,,,,,2016,,2017,
,,,,,,,,,,,,,,,,,,Kellicottia bostoniensis N,Adult,Kellicottia bostoniensis,Species,Rotifera,Eurotatoria,Ploima,Brachionidae,Kellicottia,Kellicottia bostoniensis,,,,,,,,,,,2016,,2017,
,,,,,,,,,,,,,,,,,,Kellicottia longispina N,Adult,Kellicottia longispina,Species,Rotifera,Eurotatoria,Ploima,Brachionidae,Kellicottia,Kellicottia longispina,,,,,,,,,,,2016,,2017,
KERATELA,KERATELA,,,KERATELA,,KERATELA,,Keratella,Keratella,,,,,,Keratella NA Adult,Keratella_spp,,Keratella sp. N,Adult,Keratella,Genus,Rotifera,Eurotatoria,Ploima,Brachionidae,Keratella,,,1972,,2005,,1995,,,2017,,2016,,2017,
,,,,,,,,,,,,,,,,,,Keratella sp. Y,Juvenile,Keratella,Genus,Rotifera,Eurotatoria,Ploima,Brachionidae,Keratella,,,,,,,,,,,,,,2017,
,,,,,,,,,,,,,,,,,,Keratella cochlearis N,Adult,Keratella cochlearis,Species,Rotifera,Eurotatoria,Ploima,Brachionidae,Keratella,Keratella cochlearis,,,,,,,,,,,,,2017,
,,,,,,,,,,,,,,,,,,Keratella crassa N,Adult,Keratella crassa,Species,Rotifera,Eurotatoria,Ploima,Brachionidae,Keratella,Keratella crassa,,,,,,,,,,,,,2017,
,,,,,,,,,,,,,,,,,,Keratella earlinae N,Adult,Keratella earlinae,Species,Rotifera,Eurotatoria,Ploima,Brachionidae,Keratella,Keratella earlinae,,,,,,,,,,,,,2017,
,,,,,,,,,,,,,,,,,,Keratella quadrata N,Adult,Keratella quadrata,Species,Rotifera,Eurotatoria,Ploima,Brachionidae,Keratella,Keratella quadrata,,,,,,,,,,,,,2017,
,,,,,,,,,,,,,,,,,,Keratella ticinensis N,Adult,Keratella ticinensis,Species,Rotifera,Eurotatoria,Ploima,Brachionidae,Keratella,Keratella ticinensis,,,,,,,,,,,,,2017,
,,,,,,,,,,,,,,,,,,Keratella valga N,Adult,Keratella valga,Species,Rotifera,Eurotatoria,Ploima,Brachionidae,Keratella,Keratella valga,,,,,,,,,,,,,2017,
,,,,,,,,,,,,Kurzia sp. undifferentiated,Kurzia sp. undifferentiated,,Kurzia NA Adult,,,,Adult,Kurzia,Genus,Arthropoda,Branchiopoda,Cladocera,Chydoridae,Kurzia,,,,,,,,,,,,,,,
,,,,,,,,,,,,,,,,,,Kurzia latissima N,Adult,Kurzia latissima,Species,Arthropoda,Branchiopoda,Cladocera,Chydoridae,Kurzia,Kurzia latissima,,,,,,,,,,,,,2017,
,,,,,,,,,,,,,,,,Labidocera_spp_adult,,,Adult,Labidocera,Genus,Arthropoda,Copepoda,Calanoida,Pontellidae,Labidocera,,,,,,,,,,2017,,,,,
,,,,,,,,,,,,,,,,Labidocera_spp_copepodid,,,Juvenile,Labidocera,Genus,Arthropoda,Copepoda,Calanoida,Pontellidae,Labidocera,,,,,,,,,,2017,,,,,
,,,,,,,,,,River Lamprey,,,,,,,,,Juvenile,Lampetra ayresi,Species,Chordata,Actinopterygii,,Petromyzontidae,Lampetra,Lampetra ayresi,,,,,,,,,,,2016,,,
,,,,,,,,,Latona,,,,,,,,,,Adult,Latona,Genus,Arthropoda,Branchiopoda,Cladocera,Sididae,Latona,,,,,,,,,,,,2016,,,
,,,,,,,,,,,,,,,,,,Latona setifera N,Adult,Latona setifera,Species,Arthropoda,Branchiopoda,Cladocera,Sididae,Latona,Latona setifera,,,,,,,,,,,2016,,2017,
,,,,,,,,,,Hitch,,,,,,,,,Juvenile,Lavinia exilicauda,Species,Chordata,Actinopterygii,,Cyprinidae,Lavinia,Lavinia exilicauda,,,,,,,,,,,2016,,,
,,,,,,,,,Lecane,,,,,,Lecane NA Adult,,,Lecane sp. N,Adult,Lecane,Genus,Rotifera,Eurotatoria,Ploima,Lecanidae,Lecane,,,,,,,,,,,,,,2017,
,,,,,,,,,,,,,,,,,,Lecane sp. Y,Juvenile,Lecane,Genus,Rotifera,Eurotatoria,Ploima,Lecanidae,Lecane,,,,,,,,,,,,2018,,2017,
,,,,,,,,,,,,,,,,,,Lecane inermis N,Adult,Lecane inermis,Species,Rotifera,Eurotatoria,Ploima,Lecanidae,Lecane,Lecane inermis,,,,,,,,,,,2018,,2017,
,,,,,,,,,,,,,,,,,,Lecane leontina N,Adult,Lecane leontina,Species,Rotifera,Eurotatoria,Ploima,Lecanidae,Lecane,Lecane leontina,,,,,,,,,,,2018,,2017,
,,,,,,,,,,,,,,,,,,Lecane luna N,Adult,Lecane luna,Species,Rotifera,Eurotatoria,Ploima,Lecanidae,Lecane,Lecane luna,,,,,,,,,,,2018,,2017,
,,,,,,,,,,,,,,,Lepadella NA Adult,,,Lepadella sp. N,Adult,Lepadella,Genus,Rotifera,Eurotatoria,Ploima,Lepadellidae,Lepadella,,,,,,,,,,2019,,2016,,2017,
,,,,,,,,,,Green Sunfish,,,,,,,,,Juvenile,Lepomis cyanellus,Species,Chordata,Actinopterygii,,Centrarchidae,Lepomis,Lepomis cyanellus,,,,,,,,,,,2016,,,
,,,,,,,,,,Bluegill,,,,,,,,,Juvenile,Lepomis macrochirus,Species,Chordata,Actinopterygii,,Centrarchidae,Lepomis,Lepomis macrochirus,,,,,,,,,,,2016,,,
,,,,,,,,,,Redear,,,,,,,,,Juvenile,Lepomis microlophus,Species,Chordata,Actinopterygii,,Centrarchidae,Lepomis,Lepomis microlophus,,,,,,,,,,,2016,,,
,,,,,,,,,,Pacific Staghorn Sculpin,,,,,,,,,Juvenile,Leptocottus armatus,Species,Chordata,Actinopterygii,,Cottidae,Leptocottus,Leptocottus armatus,,,,,,,,,,,2016,,,
,,,,,,,,,,,,Leptodiaptomus siciloides adult,Leptodiaptomus siciloides adult,,Leptodiaptomus siciloides Adult,,,Leptodiaptomus siciloides N,Adult,Leptodiaptomus siciloides,Species,Arthropoda,Copepoda,Calanoida,Diaptomidae,Leptodiaptomus,Leptodiaptomus siciloides,,,,,,,,,,,,,2017,
,,,,,,,,,Leptodora,,,,,,,Leptodora_spp,Leptodora_spp,,Adult,Leptodora,Genus,Arthropoda,Branchiopoda,Cladocera,Leptodoridae,Leptodora,,,,,,,,,,2017,,2016,,,
,,,,,,,,,,,,Lernaea sp. undifferentiated,Lernaea sp. undifferentiated,,,,,,Adult,Lernaea,Genus,Arthropoda,Copepoda,Cyclopoida,Lernaeidae,Lernaea,,,,,,,,,,,,,,,
,,,,,,,,,,,,Leydigia sp. undifferentiated,Leydigia sp. undifferentiated,,Leydigia NA Adult,,,Leydigia sp. N,Adult,Leydigia,Genus,Arthropoda,Branchiopoda,Cladocera,Chydoridae,Leydigia,,,,,,,,,,,,,,2017,
,,,,,,,,,,Ligidium,,,,,,,,,Adult,Ligidium lates,Species,Arthropoda,Malacostraca,Isopoda,Ligiidae,Ligidium,Ligidium lates,,,,,,,,,,,2016,,,
LIMNOSPP,LIMNOSPP,,,LIMNOSPP,,LIMNOSPP,,Limnoithona spp_,Limnoithona spp.,,,Limnoithona sp. adult,Limnoithona sp. adult,,,Limnoithona_spp_adult,,Limnoithona sp. N,Adult,Limnoithona,Genus,Arthropoda,Copepoda,Cyclopoida,Cyclopettidae,Limnoithona,,1979,1979,,2005,,1995,,,2017,,2016,,2017,
LIMNOJUV,LIMNOJUV,,,LIMNOJUV,,LIMNOJUV,,Limnoithona juvenile,Limnoithona juvenile,,,Limnoithona sp. copepodid,Limnoithona sp. copepodid,,,Limnoithona_spp_copepodid,,,Juvenile,Limnoithona,Genus,Arthropoda,Copepoda,Cyclopoida,Cyclopettidae,Limnoithona,,1979,1995,,2005,,2006,,,2017,,2016,,,
LIMNOSINE,LIMNOSINE,,,LIMNOSINE,,LIMNOSINE,,Limnoithona sinensis,Limnoithona sinensis,,,Limnoithona sinensis adult,Limnoithona sinensis adult,,,Limnoithona_sinensis_adult,,,Adult,Limnoithona sinensis,Species,Arthropoda,Copepoda,Cyclopoida,Cyclopettidae,Limnoithona,Limnoithona sinensis,1979,2007,,2007,,2006,,,2017,,2016,,,
,,,,,,,,,,,,,,,,Limnoithona_sinensis_copepodid,,,Juvenile,Limnoithona sinensis,Species,Arthropoda,Copepoda,Cyclopoida,Cyclopettidae,Limnoithona,Limnoithona sinensis,1979,,,,,,,,2017,,,,,
,,,,,,,,,,,,,,Limnoithona sinensis,Limnoithona sinensis,,,,Undifferentiated,Limnoithona sinensis,Species,Arthropoda,Copepoda,Cyclopoida,Cyclopettidae,Limnoithona,Limnoithona sinensis,1979,,,,,,,,,,,,,
LIMNOTET,LIMNOTET,,,LIMNOTET,,LIMNOTET,,Limnoithona tetraspina,Limnoithona tetraspina,,,Limnoithona tetraspina adult,Limnoithona tetraspina adult,,Limnoithona tetraspina Adult,Limnoithona_tetraspina_adult,,,Adult,Limnoithona tetraspina,Species,Arthropoda,Copepoda,Cyclopoida,Cyclopettidae,Limnoithona,Limnoithona tetraspina,1993,2007,,2007,,2006,,,2017,,2016,,,
,,,,,,,,,,,,,,,,Limnoithona_tetraspina_copepodid,,,Juvenile,Limnoithona tetraspina,Species,Arthropoda,Copepoda,Cyclopoida,Cyclopettidae,Limnoithona,Limnoithona tetraspina,1993,,,,,,,,2017,,,,,
,,,,,,,,,,,,,,,Lophocharis NA Adult,,,Lophocharis sp. N,Adult,Lophocharis,Genus,Rotifera,Eurotatoria,Ploima,Mytilinidae,Lophocharis,,,,,,,,,,2019,,2016,,2017,
,,,,,,,,,Killifish spp.,Killifish spp.,,,,,,,,,Juvenile,Lucania,Genus,Chordata,Actinopterygii,,Fundulidae,Lucania,,,,,,,,,,,,2016,,,
,,,,,,,,,Rainwater Killifish,Rainwater Killifish,,,,,,,,,Juvenile,Lucania parva,Species,Chordata,Actinopterygii,,Fundulidae,Lucania,Lucania parva,,,,,,,,,,,2016,,,
,,,,,,,,,,Lumbricidae,,,,,,,,,Undifferentiated,Lumbricidae,Family,Annelida,Oligochaeta,Haplotaxida,Lumbricidae,,,,,,,,,,,,,2016,,,
,,,,,,,,,,,,,,,,,,Lumbriculus sp. N,Adult,Lumbriculus,Genus,Annelida,Oligochaeta,Haplotaxida,Lumbricidae,Lumbriculus,,,,,,,,,,,,2016,,2017,
,,,,,,,,,,Lysianassidae,,,,,,,,,Adult,Lysianassidae,Family,Arthropoda,Malacostraca,Amphipoda,Lysianassidae,,,,,,,,,,,,,2018,,,
,,,,,,,,,Macrocyclops,,,Macrocyclops sp. adult,Macrocyclops sp. adult,,Macrocyclops NA Adult,,,,Adult,Macrocyclops,Genus,Arthropoda,Copepoda,Cyclopoida,Cyclopidae,Macrocyclops,,,,,,,,,,,,2016,,,
,,,,,,,,,,,,Macrocyclops albidus adult,Macrocyclops albidus adult,,,,,Macrocyclops albidus N,Adult,Macrocyclops albidus,Species,Arthropoda,Copepoda,Cyclopoida,Cyclopidae,Macrocyclops,Macrocyclops albidus,,,,,,,,,,,,,2017,
,,,,,,,,,Macrothricidae,,,,,,,,,Macrothricidae N,Adult,Macrothricidae,Family,Arthropoda,Branchiopoda,Cladocera,Macrothricidae,,,,,,,,,,,,,2016,,2017,
,,,,,,,,,,,,Macrothrix sp. undifferentiated,Macrothrix sp. undifferentiated,,Macrothrix NA Adult,Macrothrix_spp,,,Adult,Macrothrix,Genus,Arthropoda,Branchiopoda,Cladocera,Macrothricidae,Macrothrix,,,,,,,,,,2017,,,,,
,,,,,,,,,Maeotias,Maeotias,,,,,,,,,Undifferentiated,Maeotias,Genus,Cnidaria,Hydrozoa,Limnomedusae,Olindiidae,Maeotias,,,,,,,,,,,,2016,,,
,,,,,,,,,,Melanoides tuberculata,,,,,,,,,Adult,Melanoides tuberculata,Species,Mollusca,Gastropoda,Caenogastropoda,Thiaridae,Melanoides,Melanoides tuberculata,,,,,,,,,,,2016,,,
,,,,,,,,,,Melita,,,,,,,,,Adult,Melita,Genus,Arthropoda,Malacostraca,Amphipoda,Hadzioidea,Melita,,1938,,,,,,,,,,2016,,,
,,,,,,,,,Mississippi Silverside,Mississippi Silverside,,,,,,,,,Juvenile,Menidia audens,Species,Chordata,Actinopterygii,,Atherinidae,Menidia,Menidia audens,,,,,,,,,,,2016,,,
,,,,,,,,,Mesocyclops,,,,,,Mesocyclops NA Adult,,,,Adult,Mesocyclops,Genus,Arthropoda,Copepoda,Cyclopoida,Cyclopidae,Mesocyclops,,,,,,,,,,,,2016,,,
,,,,,,,,,,,,Mesocyclops edax adult,Mesocyclops edax adult,,,,,Mesocyclops edax N,Adult,Mesocyclops edax,Species,Arthropoda,Copepoda,Cyclopoida,Cyclopidae,Mesocyclops,Mesocyclops edax,,,,,,,,,,,,,2017,
,,,,,,,,,Microcyclops,,,,,,Microcyclops NA Adult,,,Microcyclops sp. N,Adult,Microcyclops,Genus,Arthropoda,Copepoda,Cyclopoida,Cyclopidae,Microcyclops,,,,,,,,,,,,2018,,2017,
,,,,,,,,,,,,Microcyclops sp. adult,Microcyclops sp. adult,,,,,,Adult,Microcyclops,Genus,Arthropoda,Copepoda,Cyclopoida,Cyclopidae,Microcyclops,,,,,,,,,,,,,,,
,,,,,,,,,,,,Microcyclops rubellus adult,Microcyclops rubellus adult,,Microcyclops rubellus Adult,,,Microcyclops rubellus N,Adult,Microcyclops rubellus,Species,Arthropoda,Copepoda,Cyclopoida,Cyclopidae,Microcyclops,Microcyclops rubellus,,,,,,,,,,,,,2017,
,,,,,,,,,Moerisia spp,Moerisia spp,,,,,,,,,Adult,Moerisia,Genus,Cnidaria,Hydrozoa,Anthoathecata,Moerisiidae,Moerisia,,,,,,,,,,,,2018,,,
,,,,,,,,,Moina,,,,,,Moina NA Adult,Moina_spp,,Moina sp. N,Adult,Moina,Genus,Arthropoda,Branchiopoda,Cladocera,Moinidae,Moina,,,,,,,,,,2019,,2016,,2017,
,,,,,,,,,,,,Moina sp. undifferentiated,Moina sp. undifferentiated,,,,,,Undifferentiated,Moina,Genus,Arthropoda,Branchiopoda,Cladocera,Moinidae,Moina,,,,,,,,,,,,,,,
,,,,,,,,,,,,Mollusca larva,Mollusca larva,,Veliger NA NA,,,Veliger N,Larva,Mollusca,Phylum,Mollusca,,,,,,,,,,,,,,,,,,2017,
,,Monocorophium_sp,Monocorophium sp,,,,,,,,,,,,,,,,Adult,Monocorophium,Genus,Arthropoda,Malacostraca,Amphipoda,Corophiidae,Monocorophium,,,2014,,,,,,,,,,,,
,,,,,,,,,,,,,,,,,Monocorophium_acherusicum,,Adult,Monocorophium acherusicum,Species,Arthropoda,Malacostraca,Amphipoda,Corophiidae,Monocorophium,Monocorophium acherusicum,,,,,,,,,2017,,,,,
,,,,,,,,,,,,,,,,,Monocorophium_insidiosum,,Adult,Monocorophium insidiosum,Species,Arthropoda,Malacostraca,Amphipoda,Corophiidae,Monocorophium,Monocorophium insidiosum,,,,,,,,,2017,,,,,
,,,,,,,,,,,,Monospilus sp. undifferentiated,Monospilus sp. undifferentiated,,Monospilus NA Adult,,,,Adult,Monospilus,Genus,Arthropoda,Branchiopoda,Cladocera,Chydoridae,Monospilus,,,,,,,,,,,,,,,
,,,,,,,,,,,,Monospilus dispar undifferentiated,Monospilus dispar undifferentiated,,,,,Monospilus dispar N,Adult,Monospilus dispar,Species,Arthropoda,Branchiopoda,Cladocera,Chydoridae,Monospilus,Monospilus dispar,,,,,,,,,,,,,2017,
,,,,,,,,,,,,,,,Monostyla NA Adult,,,Monostyla sp. N,Adult,Monostyla,Genus,Rotifera,Eurotatoria,Ploima,Lecanidae,Monostyla,,,,,,,,,,,,,,2017,
,,,,,,,,,,,,,,,,,,Monostyla bulla N,Adult,Monostyla bulla,Species,Rotifera,Eurotatoria,Ploima,Lecanidae,Monostyla,Monostyla bulla,,,,,,,,,,,,,2017,
,,,,,,,,,,,,,,,,,,Monostyla lunaris N,Adult,Monostyla lunaris,Species,Rotifera,Eurotatoria,Ploima,Lecanidae,Monostyla,Monostyla lunaris,,,,,,,,,,,,,2017,
,,,,,,,,,,,,,,,,,,Monostyla quadridentata N,Adult,Monostyla quadridentata,Species,Rotifera,Eurotatoria,Ploima,Lecanidae,Monostyla,Monostyla quadridentata,,,,,,,,,,,,,2017,
,,,,,,,,,Striped Bass,Striped Bass,,,,,,,,,Juvenile,Morone saxatilis,Species,Chordata,Actinopterygii,,Percichthyidae,Morone,Morone saxatilis,,,,,,,,,,,2016,,,
,,,,,,,,,Munnidae,Munnidae,,,,,,,,,Adult,Munnidae,Family,Arthropoda,Malacostraca,Isopoda,Munnidae,,,,,,,,,,,,,2016,,,
,,,,,,,,,Mysid juvenile,Mysid juvenile,,,,,,,,,Juvenile,Mysidae,Family,Arthropoda,Malacostraca,Mysida,Mysidae,,,,,,,,,,,,,2018,,,
,,,,,,,,,,,,Mysidae undifferentiated,Mysidae undifferentiated,,,,,,Undifferentiated,Mysidae,Family,Arthropoda,Malacostraca,Mysida,Mysidae,,,,,,,,,,,,,,,,
,,,,,,,,,Mytilina,,,,,,Mytilina NA Adult,,,Mytilina sp. N,Adult,Mytilina,Genus,Rotifera,Eurotatoria,Ploima,Mytillinidae,Mytilina,,,,,,,,,,,,2018,,2017,
,,,,,,,,,,,,,,,,,,Mytilina ventralis N,Adult,Mytilina ventralis,Species,Rotifera,Eurotatoria,Ploima,Mytillinidae,Mytilina,Mytilina ventralis,,,,,,,,,,,,,2017,
,,,,,,,,,,,,,,,,,,Mytilus sp. N,Adult,Mytilus,Genus,Mollusca,Bivalvia,Heterostropha,Pyramidellidae,Mytilus,,,,,,,,,,,,2016,,2017,
,,,,,,,,,,Nemertea,,,,,,,,,Undifferentiated,Nemertea,Phylum,Nemertea,,,,,,,,,,,,,,,,2016,,,
,,N_kadiakensis,Neomysis kadiakensis,,Neomysis kadiakensis,,Neomysis_kadiakensis,,Neomysis kadiakensis,Neomysis kadiakensis,,,,,,,Neomysis_kadiakensis,,Adult,Neomysis kadiakensis,Species,Arthropoda,Malacostraca,Mysida,Mysidae,Neomysis,Neomysis kadiakensis,,1980,,2007,,,,,2017,,2016,,,
,,N_mercedis,Neomysis mercedis,,Neomysis mercedis,,Neomysis_mercedis,,Neomysis mercedis,Neomysis mercedis,,,,,,,Neomysis_mercedis,,Adult,Neomysis mercedis,Species,Arthropoda,Malacostraca,Mysida,Mysidae,Neomysis,Neomysis mercedis,,1972,,2007,,,,,2017,,2016,,,
,,,,,,,,,,Nepidae,,,,,,,,,Adult,Nepidae,Family,Arthropoda,Insecta,Hemiptera,Nepidae,,,,,,,,,,,,,2016,,,
,,,,,,,,,Golden Shiner,Golden Shiner,,,,,,,,,Juvenile,Notemigonus crysoleucas,Species,Chordata,Actinopterygii,,Cyprinidae,Notemigonus,Notemigonus crysoleucas,,,,,,,,,,,2016,,,
,,,,,,,,,,Noteridae adult,,,,,,,,,Adult,Noteridae,Family,Arthropoda,Insecta,Coleoptera,Noteridae,,,,,,,,,,,,,2018,,,
,,,,,,,,,,,,,,,Notholca NA Adult,Notholca_spp,,Notholca acuminata N,Adult,Notholca,Genus,Rotifera,Eurotatoria,Ploima,Brachionidae,Notholca,,,,,,,,,,2017,,,,2017,
,,,,,,,,,,,,,,,Notommata NA Adult,,,,Adult,Notommata,Genus,Rotifera,Eurotatoria,Ploima,Notommatidae,Notommata,,,,,,,,,,,,,,,
,,,,,,,,,,Nudibranch,,,,,,,,,Undifferentiated,Nudibranchia,Order,Mollusca,Gastropoda,Nudibranchia,,,,,,,,,,,,,,2016,,,
,,,,,,,,,,Damselfly adult,,,,,,,,,Adult,Odonata,Order,Arthropoda,Insecta,Odonata,,,,,,,,,,,,,,2016,,,
,,,,,,,,,Odonata larvae UNID,Odonata larvae UNID,,,,,Odonata NA NA,,,,Larva,Odonata,Order,Arthropoda,Insecta,Odonata,,,,,,,,,,,,,,2018,,,
,,,,,,,,,,,,,,,Zygoptera NA NA,,,,Larva,Odonata,Order,Arthropoda,Insecta,Odonata,,,,,,,,,,,,,,,,,
,,Oedicerotidae_sp,Oedicerotidae sp,,,,,,,,,,,,,,Oedicerotidae_UNID,,Adult,Oedicerotidae,Family,Arthropoda,Malacostraca,Amphipoda,Oedicerotidae,,,,2014,,,,,,,2017,,,,,
OITHJUV,OITHJUV,,,OITHJUV,,OITHJUV,,Oithona juvenile,Oithona juvenile,,,Oithona sp. copepodid,Oithona sp. copepodid,,,Oithona_spp_copepodid,,,Juvenile,Oithona,Genus,Arthropoda,Copepoda,Cyclopoida,Oithonidae,Oithona,,1963,1995,,2005,,2006,,,2017,,2016,,,
OITHSPP,OITHSPP,,,OITHSPP,,OITHSPP,,Oithona spp_,Oithona spp.,,,Oithona sp. adult,Oithona sp. adult,,,Oithona_spp_adult,,,Adult,Oithona,Genus,Arthropoda,Copepoda,Cyclopoida,Oithonidae,Oithona,,1963,2007,,2005,,1995,,,2017,,2016,,,
OITHDAV,OITHDAV,,,OITHDAV,,OITHDAV,,Oithona davisae,Oithona davisae,,,Oithona davisae adult,Oithona davisae adult,,,Oithona_davisae_adult,,,Adult,Oithona davisae,Species,Arthropoda,Copepoda,Cyclopoida,Oithonidae,Oithona,Oithona davisae,1963,1980,,2005,,1995,,,2017,,2016,,,
,,,,,,,,,,,,,,,,Oithona_davisae_copepodid,,,Juvenile,Oithona davisae,Species,Arthropoda,Copepoda,Cyclopoida,Oithonidae,Oithona,Oithona davisae,1963,,,,,,,,2017,,,,,
OITHSIM,OITHSIM,,,OITHSIM,,OITHSIM,,Oithona similis,Oithona similis,,,Oithona similis adult,Oithona similis adult,,,Oithona_similis_adult,,,Adult,Oithona similis,Species,Arthropoda,Copepoda,Cyclopoida,Oithonidae,Oithona,Oithona similis,,1980,,2005,,1995,,,2017,,2016,,,
,,,,,,,,,,,,,,,,Oithona_similis_copepodid,,,Juvenile,Oithona similis,Species,Arthropoda,Copepoda,Cyclopoida,Oithonidae,Oithona,Oithona similis,,,,,,,,,2017,,,,,
,,,,,,,,,Oligochaete fragments,,,,,,,,,,Undifferentiated,Oligochaeta,Class,Annelida,Oligochaeta,,,,,,,,,,,,,,,2016,,,
,,A_aspera,Acanthomysis aspera,,Acanthomysis aspera,,Acanthomysis_aspera,Acanthomysis aspera,,,,,,,,,Orientomysis_aspera,,Adult,Orientomysis aspera,Species,Arthropoda,Malacostraca,Mysida,Mysidae,Orientomysis,Orientomysis aspera,1992,1992,,2007,,1995,,,2017,,,,,
,,A_hwanhaiensis,Acanthomysis hwanhaiensis,,Acanthomysis hwanhaiensis,,Acanthomysis_hwanhaiensis,,,,,,,,,,Orientomysis_hwanhaiensis,,Adult,Orientomysis hwanhaiensis,Species,Arthropoda,Malacostraca,Mysida,Mysidae,Orientomysis,Orientomysis hwanhaiensis,1997,1997,,2007,,,,,2017,,,,,
,,,,,,,,,Sacramento Blackfish,,,,,,,,,,Juvenile,Orthodon microlepidotus,Species,Chordata,Actinopterygii,,Cyprinidae,Orthodon,Orthodon microlepidotus,,,,,,,,,,,2016,,,
,,,,,,,,,,Osmeridae spp.,,,,,,,,,Juvenile,Osmeridae,Family,Chordata,Actinopterygii,,Osmeridae,,,,,,,,,,,,,2016,,,
,,,,,,,,,,,,Osphranticum sp. copepodid,Osphranticum sp. copepodid,,,Osphranticum_labronectum_copepodid,,,Juvenile,Osphranticum,Genus,Arthropoda,Copepoda,Calanoida,Centropagidae,Osphranticum,,,,,,,,,,2018,,2016,,,
,,,,,,,,Osphranticum,Osphranticum,,,Osphranticum labronectum adult,Osphranticum labronectum adult,,Osphranticum labronectum Adult,Osphranticum_labronectum_adult,,Osphranticum labronectum N,Adult,Osphranticum labronectum,Species,Arthropoda,Copepoda,Calanoida,Centropagidae,Osphranticum,Osphranticum labronectum,,,,,,1995,,,2018,,2016,,2017,
,,,,,,,,,,Crayfish,,,,,,,,,Adult,Pacifastacus,Genus,Arthropoda,Malacostraca,Decapoda,Astacidae,Pacifastacus,,,,,,,,,,,,2016,,,
,,,,,,,,,,Mississippi Grass Shrimp,,,,,,,,,Adult,Palaemon kadiakensis,Species,Arthropoda,Malacostraca,Decapoda,Palaemonidae,Palaemon,Palaemon kadiakensis,,,,,,,,,,,2016,,,
,,,,,,,,,,Oriental Shrimp,,,,,,,,,Adult,Palaemon macrodactylus,Species,Arthropoda,Malacostraca,Decapoda,Palaemonidae,Palaemon,Palaemon macrodactylus,,,,,,,,,,,2016,,,
,,,,,,,,,,,,,,,,Paracalanus_parvus_adult,,,Adult,Paracalanus parvus,Species,Arthropoda,Copepoda,Calanoida,Paracalanidae,Paracalanus,Paracalanus parvus,,,,,,,,,2020,,,,,
,,,,,,,,,,,,,,,,Paracalanus_parvus_copepodid,,,Juvenile,Paracalanus parvus,Species,Arthropoda,Copepoda,Calanoida,Paracalanidae,Paracalanus,Paracalanus parvus,,,,,,,,,2020,,,,,
,,,,,,,,,Paracyclops,,,Paracyclops sp. adult,Paracyclops sp. adult,,Paracyclops NA Adult,,,Paracyclops sp. N,Adult,Paracyclops,Genus,Arthropoda,Copepoda,Cyclopoida,Cyclopidae,Paracyclops,,,,,,,,,,,,2016,,2017,
,,,,,,,,,,,,Paracyclops chiltoni adult,Paracyclops chiltoni adult,,Paracyclops chiltoni Adult,,,Paracyclops chiltoni N,Adult,Paracyclops chiltoni,Species,Arthropoda,Copepoda,Cyclopoida,Cyclopidae,Paracyclops,Paracyclops chiltoni,,,,,,,,,,,,,2017,
,,,,,,,,,,,,Paracyclops fimbriatus adult,Paracyclops fimbriatus adult,,Paracyclops fimbriatus Adult,,,,Adult,Paracyclops fimbriatus,Species,Arthropoda,Copepoda,Cyclopoida,Cyclopidae,Paracyclops,Paracyclops fimbriatus,,,,,,,,,,,,,,
,,,,,,,,,,,,Paracyclops poppei adult,Paracyclops poppei adult,,Paracyclops poppei Adult,,,Paracyclops poppei N,Adult,Paracyclops poppei,Species,Arthropoda,Copepoda,Cyclopoida,Cyclopidae,Paracyclops,Paracyclops poppei,,,,,,,,,,,,,2017,
,,,,,,,,,,Magnificent Bryozoan,,,,,,,,,Adult,Pectinatella magnifica,Species,Bryozoa,Phylactolaemata,Plumatellida,Pectinatellidae,Pectinatella,Pectinatella magnifica,,,,,,,,,,,2016,,,
,,,,,,,,,,,,Picripleuroxus sp. undifferentiated,Picripleuroxus sp. undifferentiated,,Picripleuroxus NA Adult,,,,Adult,Picripleuroxus,Genus,Arthropoda,Branchiopoda,Cladocera,Chydoridae,Picripleuroxus,,,,,,,,,,,,,,,
,,,,,,,,,,Fathead Minnow,,,,,,,,,Juvenile,Pimephales promelas,Species,Chordata,Actinopterygii,,Cyprinidae,Pimephales,Pimephales promelas,,,,,,,,,,,2016,,,
,,,,,,,,,,Pisidium,,,,,,,,,Adult,Pisidium,Genus,Mollusca,Bivalvia,Sphaeriida,Sphaeriidae,Pisidium,,,,,,,,,,,,2018,,,
,,,,,,,,,Planorbella,Planorbella,,,,,,,,,Adult,Planorbella,Genus,Mollusca,Gastropoda,Hygrophila,Planorbidae,Planorbella,,,,,,,,,,,,2016,,,
,,,,,,,,,,,,,,,Plationus NA Adult,,,,Adult,Plationus,Genus,Rotifera,Eurotatoria,Ploima,Brachionidae,Plaionus,,,,,,,,,,,,,,,
,,,,,,,,,,,,Ectocyclops phaleratus adult,Ectocyclops phaleratus adult,,,,,,Adult,Platycyclops phaleratus,Species,Arthropoda,Copepoda,Cyclopoida,Cyclopidae,Platycyclops,Platycyclops phaleratus,,,,,,,,,,,,,,
,,,,,,,,,,,,Eucyclops phaleratus adult,Eucyclops phaleratus adult,,,,,,Adult,Platycyclops phaleratus,Species,Arthropoda,Copepoda,Cyclopoida,Cyclopidae,Platycyclops,Platycyclops phaleratus,,,,,,,,,,,,,,
,,,,,,,,,,,,Ectocyclops phaleratus copepodid,Ectocyclops phaleratus copepodid,,,,,,Juvenile,Platycyclops phaleratus,Species,Arthropoda,Copepoda,Cyclopoida,Cyclopidae,Platycyclops,Platycyclops phaleratus,,,,,,,,,,,,,,
,,,,,,,,,,,,,,,Platyhelminthes NA NA,,,,Adult,Platyhelmenthes,Phylum,Platyhelminthes,,,,,,,,,,,,,,,,,,,
,,,,,,,,,Platyias,,,,,,Platyias NA Adult,Platyias_spp,,,Adult,Platyias,Genus,Rotifera,Eurotatoria,Ploima,Brachionidae,Platyias,,,,,,,,,,2019,,2016,,,
,,,,,,,,,,,,,,,,,,Platyias patulus N,Adult,Platyias patulus,Species,Rotifera,Eurotatoria,Ploima,Brachionidae,Platyias,Platyias patulus,,,,,,,,,2019,,2016,,2017,
,,,,,,,,,,,,,,,,,,Platyias quadricornis N,Adult,Platyias quadricornis,Species,Rotifera,Eurotatoria,Ploima,Brachionidae,Platyias,Platyias quadricornis,,,,,,,,,2019,,2016,,2017,
,,,,,,,,,,Comb Jelly,,,,,,,,,Adult,Pleurobrachia,Genus,Ctenophora,Tentaculata,Cydippida,Pleurobrachiidae,Pleurobrachia,,,,,,,,,,,,2022,,,
,,,,,,,,,,,,Pleuroxus sp. undifferentiated,Pleuroxus sp. undifferentiated,,Pleuroxus NA Adult,,,Pleuroxus sp. N,Adult,Pleuroxus,Genus,Arthropoda,Branchiopoda,Cladocera,Chydoridae,Pleuroxus,,,,,,,,,,,,,,2017,
,,,,,,,,,,,,,,,,,,Pleuroxus denticulatus N,Adult,Pleuroxus denticulatus,Species,Arthropoda,Branchiopoda,Cladocera,Chydoridae,Pleuroxus,Pleuroxus denticulatus,,,,,,,,,,,,,2017,
,,Pleustidae,Pleustidae,,,,,,,,,,,,,,Pleustidae_UNID,,Adult,Pleustidae,Family,Arthropoda,Malacostraca,Amphipoda,Pleustidae,,,,2014,,,,,,,2017,,,,,
,,,,,,,,,,,,,,,Ploesoma NA Adult,,,,Adult,Ploesoma,Genus,Rotifera,Eurotatoria,Ploima,Synchaetidae,Ploesoma,,,,,,,,,,,,,,,
,,,,,,,,,,,,,,,,,,Ploesoma hudsoni N,Adult,Ploesoma hudsoni,Species,Rotifera,Eurotatoria,Ploima,Synchaetidae,Ploesoma,Ploesoma hudsoni,,,,,,,,,2019,,2016,,2017,
,,,,,,,,,,,,,,,,,,Ploesoma lenticulare N,Adult,Ploesoma lenticulare,Species,Rotifera,Eurotatoria,Ploima,Synchaetidae,Ploesoma,Ploesoma lenticulare,,,,,,,,,2019,,2016,,2017,
,,,,,,,,,,,,,,,,Podonidae_UNID,,,Adult,Podonidae,Family,Arthropoda,Branchiopoda,Cladocera,Podonidae,,,,,,,,,,,2020,,,,,
,,,,,,,,,Splittail,Splittail,,,,,,,,,Juvenile,Pogonichthys macrolepidotus,Species,Chordata,Actinopterygii,,Cyprinidae,Pogonichthys,Pogonichthys macrolepidotus,,,,,,,,,,,2016,,,
POLYARTH,POLYARTH,,,POLYARTH,,POLYARTH,,Polyarthra,Polyarthra,,,,,,Polyarthra NA Adult,Polyarthra_spp,,Polyarthra sp. N,Adult,Polyarthra,Genus,Rotifera,Eurotatoria,Ploima,Synchaetidae,Polyarthra,,,1972,,2005,,1995,,,2017,,2016,,2017,
,,,,,,,,,Polychaete,Polychaete,,,,,,,,,Undifferentiated,Polychaeta,Class,Annelida,Polychaeta,,,,,,,,,,,,,,,2016,,,
,,,,,,,,,Polyorchis,,,,,,,,,,Adult,Polyorchis,Genus,Cnidaria,Hydrozoa,Anthoathecata,Corynidae,Polyorchis,,,,,,,,,,,,2018,,,
,,,,,,,,,,Black Crappie,,,,,,,,,Juvenile,Pomoxis nigromaculatus,Species,Chordata,Actinopterygii,,Centrarchidae,Pomoxis,Pomoxis nigromaculatus,,,,,,,,,,,2016,,,
,,,,,,,,,,,,,,,,,,Pompholyx sulcata N,Adult,Pompholyx sulcata,Species,Rotifera,Eurotatoria,Flosculariaceae,Testudinellidae,Pompholyx,Pompholyx sulcata,,,,,,,,,,,,,2017,
,,,,,,,,,Potamocorbula,Potamocorbula,,,,,,,,,Adult,Potamocorbula amurensis,Species,Mollusca,Bivalvia,Myoida,Corbulidae,Potamocorbula,Potamocorbula amurensis,,,,,,,,,,,2016,,,
,,,,,,,,,,Prostoma,,,,,,,,,Undifferentiated,Prostoma,Genus,Nemertea,Enopla,Monostilifera,Tetrastemmatidae,Prostoma,,,,,,,,,,,,2016,,,
,,,,,,,,,,,,Pseudochydorus sp. undifferentiated,Pseudochydorus sp. undifferentiated,,Pseudochydorus NA Adult,,,,Adult,Pseudochydorus,Genus,Arthropoda,Branchiopoda,Cladocera,Chydoridae,Pseudochydorus,,,,,,,,,,,,,,,
,,,,,,,,,,,,Pseudochydorus globosus undifferentiated,Pseudochydorus globosus undifferentiated,,,,,,Adult,Pseudochydorus globosus,Species,Arthropoda,Branchiopoda,Cladocera,Chydoridae,Pseudochydorus,Pseudochydorus globosus,,,,,,,,,,,,,,
,PDIAPJUV,,,PDIAPJUV,,PDIAPJUV,,Pseudodiaptomus copepodid,Pseudodiaptomus copepodid,,,,,,,Pseudodiaptomus_spp_copepodid,,,Juvenile,Pseudodiaptomus,Genus,Arthropoda,Copepoda,Calanoida,Pseudodiaptomidae,Pseudodiaptomus,,1986,1990,,2005,,1998,,,2017,,2016,,,
PDIAPNAUP,PDIAPNAUP,,,PDIAPNAUP,,PDIAPNAUP,,Pseudodiaptomus nauplii,Pseudodiaptomus nauplii,,,,,,,Pseudodiaptomus_spp_nauplii,,,Larva,Pseudodiaptomus,Genus,Arthropoda,Copepoda,Calanoida,Pseudodiaptomidae,Pseudodiaptomus,,1986,2000,,2005,,2006,,,2017,,2016,,,
,,,,,,,,Pseudodiaptomus spp_,,,,Pseudodiaptomus sp. adult,Pseudodiaptomus sp. adult,,,Pseudodiaptomus_spp_adult,,,Adult,Pseudodiaptomus,Genus,Arthropoda,Copepoda,Calanoida,Pseudodiaptomidae,Pseudodiaptomus,,1986,,,,,1995,,,2017,2019,,,,
,,,,,,,,Pseudodiaptomus euryhalinus,,,,,,,,Pseudodiaptomus_euryhalinus_adult,,,Adult,Pseudodiaptomus euryhalinus,Species,Arthropoda,Copepoda,Calanoida,Pseudodiaptomidae,Pseudodiaptomus,Pseudodiaptomus euryhalinus,,,,,,2006,,,2020,,,,,
,,,,,,,,,,,,,,,,Pseudodiaptomus_euryhalinus_copepodid,,,Juvenile,Pseudodiaptomus euryhalinus,Species,Arthropoda,Copepoda,Calanoida,Pseudodiaptomidae,Pseudodiaptomus,Pseudodiaptomus euryhalinus,,,,,,,,,2017,,,,,
,PDIAPFOR,,,PDIAPFOR,,PDIAPFOR,,Pseudodiaptomus forbesii,Pseudodiaptomus forbesi,,,Pseudodiaptomus forbesi adult,Pseudodiaptomus forbesi adult,,Pseudodiaptomus forbesi Adult,Pseudodiaptomus_forbesi_adult,,Pseudodiaptomus forbesi N,Adult,Pseudodiaptomus forbesi,Species,Arthropoda,Copepoda,Calanoida,Pseudodiaptomidae,Pseudodiaptomus,Pseudodiaptomus forbesi,1987,1988,,2005,,2006,,,2017,,2016,,2017,
,,,,,,,,,,,,Pseudodiaptomus forbesi copepodid,Pseudodiaptomus forbesi copepodid,,,Pseudodiaptomus_forbesi_copepodid,,,Juvenile,Pseudodiaptomus forbesi,Species,Arthropoda,Copepoda,Calanoida,Pseudodiaptomidae,Pseudodiaptomus,Pseudodiaptomus forbesi,1987,,,,,,,,2017,,,,,
,,,,,,,,,,,,,,Pseudodiaptomus forbesi,Pseudodiaptomus forbesi,,,,Undifferentiated,Pseudodiaptomus forbesi,Species,Arthropoda,Copepoda,Calanoida,Pseudodiaptomidae,Pseudodiaptomus,Pseudodiaptomus forbesi,1987,,,,,,,,,,,,,
,PDIAPMAR,,,PDIAPMAR,,PDIAPMAR,,Pseudodiaptomus marinus,Pseudodiaptomus marinus,,,,,,,Pseudodiaptomus_marinus_adult,,,Adult,Pseudodiaptomus marinus,Species,Arthropoda,Copepoda,Calanoida,Pseudodiaptomidae,Pseudodiaptomus,Pseudodiaptomus marinus,1986,1988,,2005,,2006,,,2017,,2016,,,
,,,,,,,,,,,,,,,,Pseudodiaptomus_marinus_copepodid,,,Juvenile,Pseudodiaptomus marinus,Species,Arthropoda,Copepoda,Calanoida,Pseudodiaptomidae,Pseudodiaptomus,Pseudodiaptomus marinus,1986,,,,,,,,2017,,,,,
,,,,,,,,,Psyllidae,Psyllidae,,,,,,,,,Adult,Psyllidae,Family,Arthropoda,Insecta,Hemiptera,Psyllidae,,,,,,,,,,,,,2016,,,
,,,,,,,,,Harris Mud Crab,,,,,,,,,,Adult,Rhithropanopeus harrisii,Species,Arthropoda,Malacostraca,Decapoda,Panopeidae,Rhithropanopeus,Rhithropanopeus harrisii,,,,,,,,,,,2016,,,
OTHROT,OTHROT,,,OTHROT,,OTHROT,,Other rotifer,Rotifer UNID,,,,,,,,,,Adult,Rotifera,Phylum,Rotifera,,,,,,,1972,,2005,,1995,,,,,2016,,,
,,,,,,,,Unid rotifer,,,,Rotifera undifferentiated,Rotifera undifferentiated,,Rotifera,Rotifer_UNID,,,Adult,Rotifera,Phylum,Rotifera,,,,,,,,,,,1995,,,2017,,,,,
,,,,,,,,,Scapholeberis,,,Scapholeberis sp. undifferentiated,Scapholeberis sp. undifferentiated,,Scapholeberis NA Adult,Scapholeberis_spp,,,Adult,Scapholeberis,Genus,Arthropoda,Branchiopoda,Cladocera,Daphniidae,Scapholeberis,,,,,,,,,,,,2016,,,
,,,,,,,,,,,,,,,,,,,Adult,Scapholeberis,Genus,Arthropoda,Branchiopoda,Cladocera,Daphniidae,Scapholeberis,,,,,,,,,,2017,,,,,
,,,,,,,,,,,,,,,,,,Scapholeberis mucronata N,Adult,Scapholeberis mucronata,Species,Arthropoda,Branchiopoda,Cladocera,Daphniidae,Scapholeberis,Scapholeberis mucronata,,,,,,,,,,,2016,,2017,
,,,,,,,,,Sida,,,Sida sp. undifferentiated,Sida sp. undifferentiated,,Sida NA Adult,Sididae_UNID,,Sididae N,Adult,Sida,Genus,Arthropoda,Branchiopoda,Cladocera,Sididae,Sida,,,,,,,,,,2017,,2016,,2017,
,,,,,,,,,,,,,,,,,,Sida crystallina N,Adult,Sida crystallina,Species,Arthropoda,Branchiopoda,Cladocera,Sididae,Sida,Sida crystallina,,,,,,,,,2017,,2016,,2017,
,,,,,,,,,Simocephalus,,,,,,Simocephalus NA Adult,,,Simocephalus sp. N,Adult,Simocephalus,Genus,Arthropoda,Branchiopoda,Cladocera,Daphniidae,Simocephalus,,,,,,,,,,,,2016,,2017,
,,,,,,,,,,,,,,,,,,Simocephalus sp. Y,Juvenile,Simocephalus,Genus,Arthropoda,Branchiopoda,Cladocera,Daphniidae,Simocephalus,,,,,,,,,,,,2016,,2017,
,,,,,,,,,,,,Simocephalus sp. undifferentiated,Simocephalus sp. undifferentiated,,,,,,Undifferentiated,Simocephalus,Genus,Arthropoda,Branchiopoda,Cladocera,Daphniidae,Simocephalus,,,,,,,,,,,,,,,
,SINOCALJUV,,,SINOCALJUV,,SINOCALJUV,,Sinocalanus copepodid,Sinocalanus copepodid,,,,,,,,,,Juvenile,Sinocalanus,Genus,Arthropoda,Copepoda,Calanoida,Centropagidae,Sinocalanus,,1978,1989,,2005,,2006,,,,,2016,,,
,,,,,,,,Sinocalanus nauplii,,,,,,,,,,,Larva,Sinocalanus,Genus,Arthropoda,Copepoda,Calanoida,Centropagidae,Sinocalanus,,1978,,,,,2006,,,,,,,,
,SINOCAL,,,SINOCAL,,SINOCAL,,Sinocalanus,Sinocalanus,,,Sinocalanus doerrii adult,Sinocalanus doerrii adult,,Sinocalanus doerri Adult,Sinocalanus_doerrii_adult,,Sinocalanus doerri N,Adult,Sinocalanus doerrii,Species,Arthropoda,Copepoda,Calanoida,Centropagidae,Sinocalanus,Sinocalanus doerrii,1978,1978,,2005,,1995,,,2017,,2016,,2017,
SINONAUP,SINONAUP,,,SINONAUP,,SINONAUP,,,Sinocalanus nauplii,,,,,,,Sinocalanus_doerrii_nauplii,,,Larva,Sinocalanus doerrii,Species,Arthropoda,Copepoda,Calanoida,Centropagidae,Sinocalanus,Sinocalanus doerrii,1978,1989,,2005,,,,,2017,,2016,,,
,,,,,,,,,,,,Sinocalanus doerrii copepodid,Sinocalanus doerrii copepodid,,,Sinocalanus_doerrii_copepodid,,,Juvenile,Sinocalanus doerrii,Species,Arthropoda,Copepoda,Calanoida,Centropagidae,Sinocalanus,Sinocalanus doerrii,1978,,,,,,,,2017,,,,,
,,,,,,,,,,,,Sinoclanus doerii adult,Sinoclanus doerii adult,,,,,,Adult,Sinocalanus doerrii,Species,Arthropoda,Copepoda,Calanoida,Centropagidae,Sinocalanus,Sinocalanus doerrii,1978,,,,,,,,,,,,,
,,,,,,,,,,,,,,Sinocalanus doerrii,Sinocalanus doerrii,,,,Undifferentiated,Sinocalanus doerrii,Species,Arthropoda,Copepoda,Calanoida,Centropagidae,Sinocalanus,Sinocalanus doerrii,1978,,,,,,,,,,,,,
,,C_alienense,,,Corophium alienense,,Corophium_alienense,,,Corophium alienense,,,,,,,Sinocorophium_alienense,,Adult,Sinocorophium alienense,Species,Arthropoda,Malacostraca,Amphipoda,Corophiidae,Sinocorophium,Sinocorophium alienense,1973,2014,,2013,,,,,2017,,2016,,,
,,,,,,,,,,,,,,,,,Sinocorophium_heteroceratum,,Adult,Sinocorophium heteroceratum,Species,Arthropoda,Malacostraca,Amphipoda,Corophiidae,Sinocorophium,Sinocorophium heteroceratum,,,,,,,,,2018,,,,,
,,,,,,,,,,,,Skistodiaptomus sp. adult,Skistodiaptomus sp. adult,,,,,,Adult,Skistodiaptomus,Genus,Arthropoda,Copepoda,Calanoida,Diaptomidae,Skistodiaptomus,,,,,,,,,,,,,,,
,,,,,,,,,,,,Skistodiaptomus pallidus adult,Skistodiaptomus pallidus adult,,Skistodiaptomus pallidus Adult,,,Skistodiaptomus pallidus N,Adult,Skistodiaptomus pallidus,Species,Arthropoda,Copepoda,Calanoida,Diaptomidae,Skistodiaptomus,Skistodiaptomus pallidus,,,,,,,,,,,,,2017,
,,,,,,,,,,Longfin Smelt,,,,,,,,,Juvenile,Spirinchus thaleichthys,Species,Chordata,Actinopterygii,,Osmeridae,Spirinchus,Spirinchus thaleichthys,,,,,,,,,,,2016,,,
,,,,,,,,,,Longfin Smelt (Yolk-Sac),,,,,,,,,Larva,Spirinchus thaleichthys,Species,Chordata,Actinopterygii,,Osmeridae,Spirinchus,Spirinchus thaleichthys,,,,,,,,,,,2016,,,
,,,,,,,,,Stylaria,Stylaria,,,,,,,,,Undifferentiated,Stylaria,Genus,Annelida,Oligochaeta,Haplotaxida,Naididae,Stylaria,,,,,,,,,,,,2016,,,
SYNCH,SYNCH,,,SYNCH,,SYNCH,,Synchaeta,Synchaeta,,,,,,Synchaeta NA Adult,Synchaeta_spp,,Synchaeta sp. N,Adult,Synchaeta,Genus,Rotifera,Eurotatoria,Ploima,Synchaetidae,Synchaeta,,,1972,,2005,,1995,,,2017,,2016,,2017,
SYNCHBIC,SYNCHBIC,,,,,,,Synchaeta bicornis,,,,,,,,Synchaeta_bicornis,,,Adult,Synchaeta bicornis,Species,Rotifera,Eurotatoria,Ploima,Synchaetidae,Synchaeta,Synchaeta bicornis,,1972,,,,1995,,,2018,,,,,
,,,,,,,,,,Synidotea,,,,,,,,,Adult,Synidotea,Family,Arthropoda,Malacostraca,Isopoda,Synidotea,,,,,,,,,,,,,2018,,,
,,,,,,,,,Tardigrade,,,,,,Tardigrada NA NA,,,,Adult,Tardigrada,Phylum,Tardigrada,,,,,,,,,,,,,,,,2016,,,
,,,,,,,,,,,,,,Tardigrada,Tardigrada,,,,Adult,Tardigrada,Phylum,Tardigrada,,,,,,,,,,,,,,,,,,,
,,,,,,,,,,,,,,Teleosti,Teleosti,,,,Undifferentiated,Teleostei,Class,Chordata,Teleostei,,,,,,,,,,,,,,,,,,
,,,,,,,,,,,,,,Teleosti,Teleosti,,,,Undifferentiated,Teleostei,Class,Chordata,Teleostei,,,,,,,,,,,,,,,,,,
,,,,,,,,,,,,,,,Testudinella NA Adult,,,Testudinella sp. N,Adult,Testudinella,Genus,Rotifera,Eurotatoria,Flosculariaceae,Testudinellidae,Testudinella,,,,,,,,,,,,,,2017,
,,,,,,,,,,,,,,,Thripidae NA NA,,,,Adult,Thripidae,Family,Arthropoda,Insecta,Thysanoptera,Thripidae,,,,,,,,,,,,,,,,
,TORTANUS,,,TORTANUS,,TORTANUS,,Tortanus,Tortanus,,,Tortanus sp. adult,Tortanus sp. adult,,,,,,Adult,Tortanus,Genus,Arthropoda,Copepoda,Calanoida,Tortanidae,Tortanus,,1993,1994,,2005,,1995,,,,,2016,,,
,TORTJUV,,,TORTJUV,,TORTJUV,,Tortanus copepodid,Tortanus copepodid,,,,,,,Tortanus_spp_copepodid,,,Juvenile,Tortanus,Genus,Arthropoda,Copepoda,Calanoida,Tortanidae,Tortanus,,1993,2006,,2006,,2006,,,2017,,2016,,,
,,,,,,,,,,,,Tortanus sp. copepodid,Tortanus sp. copepodid,,,,,,Juvenile,Tortanus,Genus,Arthropoda,Copepoda,Calanoida,Tortanidae,Tortanus,,,,,,,,,,,,,,,
,,,,,,,,Tortanus dextrilobatus,Tortanus dextrilobatus,,,,,,,Tortanus_dextrilobatus_adult,,,Adult,Tortanus dextrilobatus,Species,Arthropoda,Copepoda,Calanoida,Tortanidae,Tortanus,Tortanus dextrilobatus,1993,,,,,2006,2010,,2017,,2016,,,
,,,,,,,,Tortanus discaudatus,Tortanus discaudatus,,,,,,,Tortanus discaudatus,,,Adult,Tortanus discaudatus,Species,Arthropoda,Copepoda,Calanoida,Tortanidae,Tortanus,Tortanus discaudatus,,,,,,1995,,,2017,,2016,,,
TRICHO,TRICHO,,,TRICHO,,TRICHO,,Trichocerca,Trichocerca,,,,,,Trichocerca NA Adult,Trichocerca_spp,,Trichocerca sp. N,Adult,Trichocerca,Genus,Rotifera,Eurotatoria,Ploima,Trichocercidae,Trichocerca,,,1972,,2005,,1995,,,2017,,2016,,2017,
,,,,,,,,,,,,,,,Trichocerca NA NA,,,,Adult,Trichocerca,Genus,Rotifera,Eurotatoria,Ploima,Trichocercidae,Trichocerca,,,,,,,,,,,,,,,
,,,,,,,,,,,,,,,,,,Trichocerca bicristata N,Adult,Trichocerca bicristata,Species,Rotifera,Eurotatoria,Ploima,Trichocercidae,Trichocerca,Trichocerca bicristata,,,,,,,,,,,,,2017,
,,,,,,,,,,,,,,,,,,Trichocerca cylindrica N,Adult,Trichocerca cylindrica,Species,Rotifera,Eurotatoria,Ploima,Trichocercidae,Trichocerca,Trichocerca cylindrica,,,,,,,,,,,,,2017,
,,,,,,,,,,,,,,,,,,Trichocerca longiseta N,Adult,Trichocerca longiseta,Species,Rotifera,Eurotatoria,Ploima,Trichocercidae,Trichocerca,Trichocerca longiseta,,,,,,,,,,,,,2017,
,,,,,,,,,,,,,,,,,,Trichocerca multicrinis N,Adult,Trichocerca multicrinis,Species,Rotifera,Eurotatoria,Ploima,Trichocercidae,Trichocerca,Trichocerca multicrinis,,,,,,,,,,,,,2017,
,,,,,,,,,Trichoptera larvae UNID,Trichoptera larvae UNID,,,,,Trichoptera NA NA,,,,Larva,Trichoptera,Order,Arthropoda,Insecta,Trichoptera,,,,,,,,,,,,,,2016,,,
,,,,,,,,,,,,,,,Trichotria NA NA,,,,Adult,Trichotria,Genus,Arthropoda,Insecta,Trichoptera,Trichotriidae,Trichotria,,,,,,,,,,,,2018,,,
,,,,,,,,,Trichotria,,,,,,Trichotria NA Adult,,,,Adult,Trichotria,Genus,Arthropoda,Insecta,Trichoptera,Trichotriidae,Trichotria,,,,,,,,,,,,2018,,,
,,,,,,,,,,,,,,,,,,Trichotria pocillum N,Adult,Trichotria pocillum,Species,Rotifera,Eurotatoria,Ploima,Trichotriidae,Trichotria,Trichotria pocillum,,,,,,,,,,,,,2017,
,,,,,,,,,,,,,,,,,,Trichotria tetractis N,Adult,Trichotria tetractis,Species,Rotifera,Eurotatoria,Ploima,Trichotriidae,Trichotria,Trichotria tetractis,,,,,,,,,,,,,2017,
,,,,,,,,,Tridentiger,Tridentiger,,,,,,,,,Juvenile,Tridentiger,Genus,Chordata,Actinopterygii,,Gobiidae,Tridentiger,,,,,,,,,,,,2016,,,
,,,,,,,,,,Shimofuri Goby,,,,,,,,,Juvenile,Tridentiger bifasciatus,Species,Chordata,Actinopterygii,,Gobiidae,Tridentiger,Tridentiger bifasciatus,,,,,,,,,,,2016,,,
,,,,,,,,,,,,Tropocyclops sp. adult,Tropocyclops sp. adult,,,,,,Adult,Tropocyclops,Genus,Arthropoda,Copepoda,Cyclopoida,Cyclopidae,Tropocyclops,,,,,,,,,,,,,,,
,,,,,,,,,,,,Tropocyclops prasinus adult,Tropocyclops prasinus adult,,,,,Tropocyclops prasinus mexicanus N,Adult,Tropocyclops prasinus,Species,Arthropoda,Copepoda,Cyclopoida,Cyclopidae,Tropocyclops,Tropocyclops prasinus,,,,,,,,,,,,,2017,
,,,,,,,,,Invertebrate UNID,Invertebrate UNID,,Unidentified undifferentiated,Unidentified undifferentiated,,Unidentified NA NA,,,,Adult,UnID Invertebrate,,Unknown,,,,,,,,,,,,,,,,2016,,,
,,,,,,,,,,Egg Sacs,,,,,,,,,Egg,Unknown,,Unknown,,,,,,,,,,,,,,,,2016,,,
,,,,,,,,,,Eggs UNID,,,,,,,,,Egg,Unknown,,Unknown,,,,,,,,,,,,,,,,2016,,,
,,,,,,,,,,,,,,,Wolga NA NA,,,,Adult,Wolga,Genus,Rotifera,Eurotatoria,Ploima,Trichotriidae,Wolga,,,,,,,,,,,,,,,
,,,,,,,,,,,,,,,Wolga NA Adult,,,,Adult,Wolga,Genus,Rotifera,Eurotatoria,Ploima,Trichotriidae,Wolga,,,,,,,,,,,,,,,
